"","state","district","candidate","gender","total_votes","vote_share","winner_party","winner_gender","pres_winner","flip","year","party"
"1","AK",0,"Alyse S. Galvin","female",131199,0.464970974532722,"Republican","male","Trump",FALSE,2018,"Democrat"
"2","AL",1,"Robert Kennedy Jr.","male",89226,0.36776483098876,"Republican","male","Trump",FALSE,2018,"Democrat"
"3","AL",2,"Tabitha Isner","female",86931,0.384259382044822,"Republican","female","Trump",FALSE,2018,"Democrat"
"4","AL",3,"Mallory Hagan","female",83996,0.362184421016321,"Republican","male","Trump",FALSE,2018,"Democrat"
"5","AL",4,"Lee Auman","male",46492,0.201291082353043,"Republican","male","Trump",FALSE,2018,"Democrat"
"6","AL",6,"Danner Kline","male",85644,0.307708890230232,"Republican","male","Trump",FALSE,2018,"Democrat"
"7","AL",7,"Terri Sewell","female",185010,0.978045389426051,"Democrat","female","Clinton",FALSE,2018,"Democrat"
"8","AR",1,"Chintan Desai","male",57907,0.287743794876891,"Republican","male","Trump",FALSE,2018,"Democrat"
"9","AR",2,"Clarke Tucker","male",116135,0.458211187083996,"Republican","male","Trump",FALSE,2018,"Democrat"
"10","AR",3,"Josh Mahony","male",74952,0.326292510491581,"Republican","male","Trump",FALSE,2018,"Democrat"
"11","AR",4,"Hayden Catherine Shamel","male",63984,0.31228159225348,"Republican","male","Trump",FALSE,2018,"Democrat"
"12","AZ",1,"Tom O'Halleran","male",143240,0.538316127310787,"Democrat","male","Trump",TRUE,2018,"Democrat"
"13","AZ",2,"Ann Kirkpatrick","female",161000,0.54733607114689,"Democrat","female","Clinton",FALSE,2018,"Democrat"
"14","AZ",3,"Raul Grijalva","male",114650,0.638654619592464,"Democrat","male","Clinton",FALSE,2018,"Democrat"
"15","AZ",4,"David Brill","male",84521,0.305091414442218,"Republican","male","Trump",FALSE,2018,"Democrat"
"16","AZ",5,"Joan Greene","female",127027,0.405754095009327,"Republican","male","Trump",FALSE,2018,"Democrat"
"17","AZ",6,"Anita Malik","female",140559,0.448069646380766,"Republican","male","Trump",FALSE,2018,"Democrat"
"18","AZ",7,"Ruben Gallego","male",113044,0.85606318770778,"Democrat","male","Clinton",FALSE,2018,"Democrat"
"19","AZ",8,"Hiral Tipirneni","female",135569,0.44533978062986,"Republican","female","Trump",FALSE,2018,"Democrat"
"20","AZ",9,"Greg Stanton","male",159583,0.610855710157132,"Democrat","male","Clinton",FALSE,2018,"Democrat"
"21","CA",1,"Audrey Denney","female",263096,0.451134111127115,"Republican","male","Trump",FALSE,2018,"Democrat"
"22","CA",10,"Josh Harder","male",231890,0.522510139702569,"Democrat","male","Clinton",FALSE,2018,"Democrat"
"23","CA",11,"Mark DeSaulnier","male",408738,0.741324211679441,"Democrat","male","Clinton",FALSE,2018,"Democrat"
"24","CA",12,"Nancy Pelosi","female",550584,0.868231821163647,"Democrat","female","Clinton",FALSE,2018,"Democrat"
"25","CA",13,"Barbara Lee","female",521160,0.883810376580958,"Democrat","female","Clinton",FALSE,2018,"Democrat"
"26","CA",14,"Jackie Speier","female",422768,0.792225557766759,"Democrat","female","Clinton",FALSE,2018,"Democrat"
"27","CA",15,"Eric Swalwell","male",355978,0.729675438344764,"Democrat","male","Clinton",FALSE,2018,"Democrat"
"28","CA",16,"Jim Costa","male",164532,0.575451702935807,"Democrat","male","Clinton",FALSE,2018,"Democrat"
"29","CA",17,"Ro Khanna","Unknown",318210,0.753473636355026,"Democrat","Unknown","Clinton",FALSE,2018,"Democrat"
"30","CA",18,"Anna G. Eshoo","female",450284,0.744916258048293,"Democrat","female","Clinton",FALSE,2018,"Democrat"
"31","CA",19,"Zoe Lofgren","female",324992,0.737548736150763,"Democrat","female","Clinton",FALSE,2018,"Democrat"
"32","CA",2,"Jared Huffman","male",486162,0.770079548370541,"Democrat","male","Clinton",FALSE,2018,"Democrat"
"33","CA",20,"Jimmy Panetta","male",367354,0.813734654728625,"Democrat","male","Clinton",FALSE,2018,"Democrat"
"34","CA",21,"TJ Cox","male",114478,0.503793479791579,"Democrat","male","Clinton",FALSE,2018,"Democrat"
"35","CA",22,"Andrew Janz","male",210272,0.472778454800139,"Republican","male","Trump",FALSE,2018,"Democrat"
"36","CA",23,"Tatiana Matta","female",149322,0.362830095152935,"Republican","male","Trump",FALSE,2018,"Democrat"
"37","CA",24,"Salud Carbajal","female",333100,0.58555502037401,"Democrat","female","Clinton",FALSE,2018,"Democrat"
"38","CA",25,"Katie Hill","female",266418,0.54366138550824,"Democrat","female","Clinton",FALSE,2018,"Democrat"
"39","CA",26,"Julia Brownley","female",316432,0.619420106018964,"Democrat","female","Clinton",FALSE,2018,"Democrat"
"40","CA",27,"Bryan Witt","male",84264,0.207919619416096,"Democrat","male","Clinton",FALSE,2018,"Democrat"
"41","CA",27,"Judy Chu","female",321008,0.792080380583904,"Democrat","female","Clinton",FALSE,2018,"Democrat"
"42","CA",28,"Adam B. Schiff","male",393324,0.783720021997816,"Democrat","male","Clinton",FALSE,2018,"Democrat"
"43","CA",29,"Tony Cardenas","male",249394,0.8060985700618,"Democrat","male","Clinton",FALSE,2018,"Democrat"
"44","CA",3,"John Garamendi","male",269750,0.58072946941025,"Democrat","male","Clinton",FALSE,2018,"Democrat"
"45","CA",30,"Brad Sherman","male",383146,0.734015854831356,"Democrat","male","Clinton",FALSE,2018,"Democrat"
"46","CA",31,"Pete Aguilar","male",220286,0.587444998533294,"Democrat","male","Clinton",FALSE,2018,"Democrat"
"47","CA",32,"Grace Flores Napolitano","female",243518,0.687783495545978,"Democrat","female","Clinton",FALSE,2018,"Democrat"
"48","CA",33,"Ted W. Lieu","male",438182,0.700284472287924,"Democrat","male","Clinton",FALSE,2018,"Democrat"
"49","CA",34,"Jimmy Gomez","male",220390,0.725415717614841,"Democrat","male","Clinton",FALSE,2018,"Democrat"
"50","CA",35,"Norma J. Torres","female",206840,0.693982177367404,"Democrat","female","Clinton",FALSE,2018,"Democrat"
"51","CA",36,"Raul Ruiz","male",244338,0.590165597464832,"Democrat","male","Clinton",FALSE,2018,"Democrat"
"52","CA",37,"Karen Bass","female",421110,0.890755484858997,"Democrat","female","Clinton",FALSE,2018,"Democrat"
"53","CA",38,"Linda T. Sanchez","female",278376,0.688517778349394,"Democrat","female","Clinton",FALSE,2018,"Democrat"
"54","CA",39,"Gil Cisneros","male",252004,0.515571231581919,"Democrat","male","Clinton",FALSE,2018,"Democrat"
"55","CA",4,"Jessica Morse","female",312506,0.458685352292942,"Republican","male","Trump",FALSE,2018,"Democrat"
"56","CA",40,"Lucille Roybal-Allard","female",187876,0.773476932704263,"Democrat","female","Clinton",FALSE,2018,"Democrat"
"57","CA",41,"Mark Takano","male",216454,0.65099730523074,"Democrat","male","Clinton",FALSE,2018,"Democrat"
"58","CA",42,"Julia C Peacock","female",201784,0.435006812341548,"Republican","male","Trump",FALSE,2018,"Democrat"
"59","CA",43,"Maxine Waters","female",304544,0.77669189806786,"Democrat","female","Clinton",FALSE,2018,"Democrat"
"60","CA",44,"Aja L. Brown","female",90756,0.316615732406748,"Democrat","female","Clinton",FALSE,2018,"Democrat"
"61","CA",44,"Nanette Diaz Barragan","female",195888,0.683384267593252,"Democrat","female","Clinton",FALSE,2018,"Democrat"
"62","CA",45,"Katie Porter","female",317812,0.520510074060972,"Democrat","female","Clinton",FALSE,2018,"Democrat"
"63","CA",46,"Lou Correa","female",204556,0.691460017847968,"Democrat","female","Clinton",FALSE,2018,"Democrat"
"64","CA",47,"Alan Lowenthal","male",286708,0.648554986518033,"Democrat","male","Clinton",FALSE,2018,"Democrat"
"65","CA",48,"Harley Rouda","male",315674,0.535519922914065,"Democrat","male","Clinton",FALSE,2018,"Democrat"
"66","CA",49,"Mike Levin","male",332906,0.564190082364505,"Democrat","male","Clinton",FALSE,2018,"Democrat"
"67","CA",5,"Mike Thompson","male",411720,0.788681240374227,"Democrat","male","Clinton",FALSE,2018,"Democrat"
"68","CA",50,"Ammar Campa-Najjar","male",250896,0.482845156075594,"Republican","male","Trump",FALSE,2018,"Democrat"
"69","CA",51,"Juan Vargas","male",219054,0.712009517123021,"Democrat","male","Clinton",FALSE,2018,"Democrat"
"70","CA",52,"Scott Peters","male",377984,0.638471387500971,"Democrat","male","Clinton",FALSE,2018,"Democrat"
"71","CA",53,"Susan A. Davis","female",371334,0.690740864751445,"Democrat","female","Clinton",FALSE,2018,"Democrat"
"72","CA",6,"Doris Matsui","female",324822,0.804257721391113,"Democrat","female","Clinton",FALSE,2018,"Democrat"
"73","CA",6,"Jrmar Jefferson","Unknown",79056,0.195742278608887,"Democrat","Unknown","Clinton",FALSE,2018,"Democrat"
"74","CA",7,"Ami Bera","female",310032,0.550449724270907,"Democrat","female","Clinton",FALSE,2018,"Democrat"
"75","CA",8,"No candidate","N/A",0,NA,"Republican","male","Trump",FALSE,2018,"Democrat"
"76","CA",8,"No candidate","N/A",0,NA,"Republican","male","Trump",FALSE,2018,"Democrat"
"77","CA",9,"Jerry McNerney","male",226828,0.564914849847831,"Democrat","male","Clinton",FALSE,2018,"Democrat"
"78","CO",1,"Diana DeGette","female",272886,0.738142188248087,"Democrat","female","Clinton",FALSE,2018,"Democrat"
"79","CO",2,"Joe Neguse","male",259608,0.602878680210119,"Democrat","male","Clinton",FALSE,2018,"Democrat"
"80","CO",3,"Diane Mitsch Bush","female",146426,0.435546671663856,"Republican","male","Trump",FALSE,2018,"Democrat"
"81","CO",4,"Karen McCormick","female",145544,0.393807057703027,"Republican","male","Trump",FALSE,2018,"Democrat"
"82","CO",5,"Stephany Rose Spaulding","female",126848,0.393150366501883,"Republican","male","Trump",FALSE,2018,"Democrat"
"83","CO",6,"Jason Crow","male",187639,0.54103172566512,"Democrat","male","Clinton",FALSE,2018,"Democrat"
"84","CO",7,"Ed Perlmutter","male",204260,0.604308799252084,"Democrat","male","Clinton",FALSE,2018,"Democrat"
"85","CT",1,"John B Larson","male",166155,0.6060954256949,"Democrat","male","Clinton",FALSE,2018,"Democrat"
"86","CT",2,"Joe Courtney","male",167659,0.579906196171752,"Democrat","male","Clinton",FALSE,2018,"Democrat"
"87","CT",3,"Rosa L DeLauro","female",163211,0.603950577081768,"Democrat","female","Clinton",FALSE,2018,"Democrat"
"88","CT",4,"Jim Himes","male",168726,0.612100083076064,"Democrat","male","Clinton",FALSE,2018,"Democrat"
"89","CT",5,"Jahana Hayes","female",142901,0.527964561227204,"Democrat","female","Clinton",FALSE,2018,"Democrat"
"90","DE",0,"Lisa Blunt Rochester","female",227353,0.644539699549523,"Democrat","female","Clinton",FALSE,2018,"Democrat"
"91","FL",20,"Alcee L. Hastings","male",405318,0.999186486806295,"Democrat","male","Clinton",FALSE,2018,"Democrat"
"92","GA",1,"Lisa M. Ring","female",105942,0.422613420136188,"Republican","male","Trump",FALSE,2018,"Democrat"
"93","GA",10,"Tabitha A. Johnson-Green","female",112339,0.371080317769667,"Republican","female","Trump",FALSE,2018,"Democrat"
"94","GA",11,"Flynn D. Broady Jr","male",118653,0.382086043665872,"Republican","male","Trump",FALSE,2018,"Democrat"
"95","GA",12,"Francys Johnson","female",101503,0.40521453778963,"Republican","male","Trump",FALSE,2018,"Democrat"
"96","GA",13,"David Scott","male",223157,0.761601993106037,"Democrat","male","Clinton",FALSE,2018,"Democrat"
"97","GA",14,"Steven Lamar Foster","male",53981,0.234981978374049,"Republican","male","Trump",FALSE,2018,"Democrat"
"98","GA",2,"Sanford Bishop","male",136699,0.59649344812389,"Democrat","male","Clinton",FALSE,2018,"Democrat"
"99","GA",3,"Chuck Enderlin","male",101010,0.344736967843662,"Republican","male","Trump",FALSE,2018,"Democrat"
"100","GA",4,"Henry C """"Hank"""" Johnson Jr","male",227717,0.78846919590456,"Democrat","male","Clinton",FALSE,2018,"Democrat"
"101","GA",5,"John R. Lewis","male",275406,1,"Democrat","male","Clinton",FALSE,2018,"Democrat"
"102","GA",6,"Lucy McBath","female",160139,0.505119357036514,"Democrat","female","Trump",TRUE,2018,"Democrat"
"103","GA",7,"Carolyn Bourdeaux","female",140011,0.499252962298665,"Republican","male","Trump",FALSE,2018,"Democrat"
"104","GA",8,"No candidate","N/A",0,NA,"Republican","male","Trump",FALSE,2018,"Democrat"
"105","GA",9,"Josh McCall","male",57912,0.204941644430918,"Republican","male","Trump",FALSE,2018,"Democrat"
"106","HI",1,"Ed Case","male",134650,0.730955263257895,"Democrat","male","Clinton",FALSE,2018,"Democrat"
"107","HI",2,"Tulsi Gabbard","female",153271,0.773623189868818,"Democrat","female","Clinton",FALSE,2018,"Democrat"
"108","IA",1,"Abby Finkenauer","female",170342,0.509635205524125,"Democrat","female","Trump",TRUE,2018,"Democrat"
"109","IA",2,"Dave Loebsack","male",171446,0.547903091274571,"Democrat","male","Trump",TRUE,2018,"Democrat"
"110","IA",3,"Cindy Axne","female",175642,0.493042631252439,"Democrat","female","Trump",TRUE,2018,"Democrat"
"111","IA",4,"J.D. Scholten","Unknown",147246,0.47005755767739,"Republican","male","Trump",FALSE,2018,"Democrat"
"112","ID",1,"Cristina McNeil","female",96922,0.307621505130622,"Republican","male","Trump",FALSE,2018,"Democrat"
"113","ID",2,"Aaron Swisher","male",110381,0.393297821168338,"Republican","male","Trump",FALSE,2018,"Democrat"
"114","IL",1,"Bobby L. Rush","male",189560,0.735056323555073,"Democrat","male","Clinton",FALSE,2018,"Democrat"
"115","IL",10,"Brad Schneider","male",156540,0.655901183253444,"Democrat","male","Clinton",FALSE,2018,"Democrat"
"116","IL",11,"Bill Foster","male",145407,0.638408008254122,"Democrat","male","Clinton",FALSE,2018,"Democrat"
"117","IL",12,"Brendan Kelly","male",118724,0.453936828743266,"Republican","male","Trump",FALSE,2018,"Democrat"
"118","IL",13,"Betsy Dirksen Londrigan","female",134458,0.496189769762456,"Republican","male","Trump",FALSE,2018,"Democrat"
"119","IL",14,"Lauren Underwood","female",156035,0.525018590237518,"Democrat","female","Trump",TRUE,2018,"Democrat"
"120","IL",15,"Kevin Gaither","male",74309,0.290714688116178,"Republican","male","Trump",FALSE,2018,"Democrat"
"121","IL",16,"Sara Dady","female",104569,0.408752076614873,"Republican","male","Trump",FALSE,2018,"Democrat"
"122","IL",17,"Cheri Bustos","female",142659,0.620934149876604,"Democrat","female","Trump",TRUE,2018,"Democrat"
"123","IL",18,"Junius Rodriguez","male",95486,0.327665546835591,"Republican","male","Trump",FALSE,2018,"Democrat"
"124","IL",2,"Robin Kelly","female",190684,0.810555534301661,"Democrat","female","Clinton",FALSE,2018,"Democrat"
"125","IL",3,"Daniel William Lipinski","male",163053,0.730085880340656,"Democrat","male","Clinton",FALSE,2018,"Democrat"
"126","IL",4,"Jesus \Chuy\ Garcia","male",143895,0.865851530486374,"Democrat","male","Clinton",FALSE,2018,"Democrat"
"127","IL",5,"Mike Quigley","male",213992,0.766636453851417,"Democrat","male","Clinton",FALSE,2018,"Democrat"
"128","IL",6,"Sean Casten","male",169001,0.535752553527387,"Democrat","male","Clinton",FALSE,2018,"Democrat"
"129","IL",7,"Danny K. Davis","male",215746,0.876150794134249,"Democrat","male","Clinton",FALSE,2018,"Democrat"
"130","IL",8,"Raja Krishnamoorthi","male",130054,0.659747269526752,"Democrat","male","Clinton",FALSE,2018,"Democrat"
"131","IL",9,"Janice D. Schakowsky","female",213368,0.734862287369425,"Democrat","female","Clinton",FALSE,2018,"Democrat"
"132","IN",1,"Peter J. Visclosky","male",159611,0.650918196314165,"Democrat","male","Clinton",FALSE,2018,"Democrat"
"133","IN",2,"Mel Hall","male",103363,0.451585703113736,"Republican","female","Trump",FALSE,2018,"Democrat"
"134","IN",3,"Courtney Tritch","female",86610,0.352737062031384,"Republican","male","Trump",FALSE,2018,"Democrat"
"135","IN",4,"Tobi Beck","female",87824,0.359399745460647,"Republican","male","Trump",FALSE,2018,"Democrat"
"136","IN",5,"Dee Thornton","female",137142,0.432383180369321,"Republican","female","Trump",FALSE,2018,"Democrat"
"137","IN",6,"Jeannine Lee Lake","female",79430,0.328595186285298,"Republican","male","Trump",FALSE,2018,"Democrat"
"138","IN",7,"Andre D. Carson","male",141139,0.648628651261972,"Democrat","male","Clinton",FALSE,2018,"Democrat"
"139","IN",8,"William Tanoos","male",86895,0.355702829821811,"Republican","male","Trump",FALSE,2018,"Democrat"
"140","IN",9,"Liz Watson","female",118090,0.435176757161125,"Republican","male","Trump",FALSE,2018,"Democrat"
"141","KS",1,"Alan LaPolice","male",71558,0.318545227920228,"Republican","male","Trump",FALSE,2018,"Democrat"
"142","KS",2,"Paul Davis","male",123859,0.467943389953455,"Republican","male","Trump",FALSE,2018,"Democrat"
"143","KS",3,"Sharice Davids","female",170518,0.535713051482716,"Democrat","female","Clinton",FALSE,2018,"Democrat"
"144","KS",4,"James A. Thompson","male",98445,0.405635926870573,"Republican","male","Trump",FALSE,2018,"Democrat"
"145","KY",1,"Paul Walker","male",78849,0.314119418682474,"Republican","male","Trump",FALSE,2018,"Democrat"
"146","KY",2,"Hank Linderman","male",79964,0.310726845285512,"Republican","Unknown","Trump",FALSE,2018,"Democrat"
"147","KY",3,"John A. Yarmuth","male",173002,0.62070177956372,"Democrat","male","Clinton",FALSE,2018,"Democrat"
"148","KY",4,"Seth Hall","male",90536,0.345805387071639,"Republican","male","Trump",FALSE,2018,"Democrat"
"149","KY",5,"Kenneth S. Stepp","male",45890,0.210488172940642,"Republican","male","Trump",FALSE,2018,"Democrat"
"150","KY",6,"Amy McGrath","female",144736,0.477853199862656,"Republican","male","Trump",FALSE,2018,"Democrat"
"151","LA",2,"Cedric Richmond","male",190182,0.805917400479698,"Democrat","male","Clinton",FALSE,2018,"Democrat"
"152","LA",4,"Ryan Trundle","male",72934,0.336299752849607,"Republican","Unknown","Trump",FALSE,2018,"Democrat"
"153","LA",5,"Jessee Carlton Fleenor","male",67118,0.299706179168192,"Republican","male","Trump",FALSE,2018,"Democrat"
"154","MA",1,"Richard E. Neal","male",211790,0.976440756108806,"Democrat","male","Clinton",FALSE,2018,"Democrat"
"155","MA",2,"James P. McGovern","male",191332,0.671592492620036,"Democrat","male","Clinton",FALSE,2018,"Democrat"
"156","MA",3,"Lori Loureiro Trahan","female",173175,0.619972290541194,"Democrat","female","Clinton",FALSE,2018,"Democrat"
"157","MA",4,"Joseph P. Kennedy, III","male",245289,0.977184721292667,"Democrat","male","Clinton",FALSE,2018,"Democrat"
"158","MA",5,"Katherine M. Clark","female",236243,0.758833241253485,"Democrat","female","Clinton",FALSE,2018,"Democrat"
"159","MA",6,"Seth W. Moulton","male",217703,0.651854180702148,"Democrat","male","Clinton",FALSE,2018,"Democrat"
"160","MA",7,"Ayanna S. Pressley","female",216559,0.982523558261611,"Democrat","female","Clinton",FALSE,2018,"Democrat"
"161","MA",8,"Stephen F. Lynch","male",259159,0.984246525918415,"Democrat","male","Clinton",FALSE,2018,"Democrat"
"162","MA",9,"Bill Keating","male",192347,0.593795534810205,"Democrat","male","Clinton",FALSE,2018,"Democrat"
"163","MD",1,"Jesse Colvin","male",69255,0.348076294825723,"Republican","male","Trump",FALSE,2018,"Democrat"
"164","MD",2,"C.A. Dutch Ruppersberger","Unknown",103194,0.63114824283495,"Democrat","Unknown","Clinton",FALSE,2018,"Democrat"
"165","MD",3,"John Sarbanes","male",125744,0.6599764863957,"Democrat","male","Clinton",FALSE,2018,"Democrat"
"166","MD",4,"Anthony G. Brown","male",127602,0.762431137295204,"Democrat","male","Clinton",FALSE,2018,"Democrat"
"167","MD",5,"Steny H. Hoyer","Unknown",132119,0.672419496852145,"Democrat","Unknown","Clinton",FALSE,2018,"Democrat"
"168","MD",6,"David Trone","male",102591,0.54527335154614,"Democrat","male","Clinton",FALSE,2018,"Democrat"
"169","MD",7,"Elijah Cummings","male",119773,0.745329748970118,"Democrat","male","Clinton",FALSE,2018,"Democrat"
"170","MD",8,"Jamie Raskin","female",129637,0.630729559442431,"Democrat","female","Clinton",FALSE,2018,"Democrat"
"171","ME",1,"Chellie Pingree","female",201195,0.58819832014337,"Democrat","female","Clinton",FALSE,2018,"Democrat"
"172","ME",2,"Jared F. Golden","male",142440,0.506235539554538,"Democrat","male","Trump",TRUE,2018,"Democrat"
"173","MI",1,"Matthew W. Morgan","male",145246,0.436834016547518,"Republican","male","Trump",FALSE,2018,"Democrat"
"174","MI",10,"Kimberly Bizon","female",106061,0.349962384182879,"Republican","male","Trump",FALSE,2018,"Democrat"
"175","MI",11,"Haley Stevens","female",181912,0.518414025608362,"Democrat","female","Trump",TRUE,2018,"Democrat"
"176","MI",12,"Debbie Dingell","female",200588,0.680817844875572,"Democrat","female","Clinton",FALSE,2018,"Democrat"
"177","MI",13,"Rashida Tlaib","female",165355,0.842362925944605,"Democrat","female","Clinton",FALSE,2018,"Democrat"
"178","MI",14,"Brenda Lawrence","female",214334,0.808825860208156,"Democrat","female","Clinton",FALSE,2018,"Democrat"
"179","MI",2,"Rob Davidson","male",131254,0.429688702068663,"Republican","male","Trump",FALSE,2018,"Democrat"
"180","MI",3,"Cathy Albro","female",134185,0.431824032953595,"Republican","male","Trump",FALSE,2018,"Democrat"
"181","MI",4,"Jerry Hilliard","male",106540,0.373758989650938,"Republican","male","Trump",FALSE,2018,"Democrat"
"182","MI",5,"Daniel T. Kildee","male",164502,0.595131198604986,"Democrat","male","Clinton",FALSE,2018,"Democrat"
"183","MI",6,"Matt Longjohn","male",134082,0.456934684669334,"Republican","male","Trump",FALSE,2018,"Democrat"
"184","MI",7,"Gretchen Driskell","female",136330,0.462041618653833,"Republican","male","Trump",FALSE,2018,"Democrat"
"185","MI",8,"Elissa Slotkin","female",172880,0.506099363862843,"Democrat","female","Trump",TRUE,2018,"Democrat"
"186","MI",9,"Andy Levin","male",181734,0.596704130179963,"Democrat","male","Clinton",FALSE,2018,"Democrat"
"187","MN",1,"No candidate","N/A",0,NA,"Republican","male","Trump",FALSE,2018,"Democrat"
"188","MN",2,"No candidate","N/A",0,NA,"Republican","male","Trump",FALSE,2018,"Democrat"
"189","MN",3,"No candidate","N/A",0,NA,"Republican","male","Clinton",FALSE,2018,"Democrat"
"190","MN",4,"No candidate","N/A",0,NA,"Republican","male","Clinton",FALSE,2018,"Democrat"
"191","MN",5,"No candidate","N/A",0,NA,"Republican","female","Clinton",FALSE,2018,"Democrat"
"192","MN",6,"No candidate","N/A",0,NA,"Republican","male","Trump",FALSE,2018,"Democrat"
"193","MN",7,"No candidate","N/A",0,NA,"Republican","male","Trump",FALSE,2018,"Democrat"
"194","MN",8,"No candidate","N/A",0,NA,"Republican","male","Trump",FALSE,2018,"Democrat"
"195","MO",1,"Lacy Clay","female",219781,0.801024145785877,"Democrat","female","Clinton",FALSE,2018,"Democrat"
"196","MO",2,"Cort VanOstran","male",177611,0.472286779448288,"Republican","female","Trump",FALSE,2018,"Democrat"
"197","MO",3,"Katy Geppert","female",106589,0.328362209187697,"Republican","male","Trump",FALSE,2018,"Democrat"
"198","MO",4,"Renee Hoagenson","female",95968,0.327182969902767,"Republican","female","Trump",FALSE,2018,"Democrat"
"199","MO",5,"Emanuel Cleaver, II","male",175019,0.616730975914865,"Democrat","male","Clinton",FALSE,2018,"Democrat"
"200","MO",6,"Henry Robert Martin","male",97660,0.319767917775835,"Republican","male","Trump",FALSE,2018,"Democrat"
"201","MO",7,"Jamie Daniel Schoolcraft","female",89190,0.30085510448466,"Republican","male","Trump",FALSE,2018,"Democrat"
"202","MO",8,"Kathy Ellis","female",66151,0.250193835831452,"Republican","male","Trump",FALSE,2018,"Democrat"
"203","MS",1,"Randy Mack Wadkins","male",76601,0.323865534138618,"Republican","male","Trump",FALSE,2018,"Democrat"
"204","MS",2,"Bennie G. Thompson","male",158921,0.717868451840509,"Democrat","male","Clinton",FALSE,2018,"Democrat"
"205","MS",3,"Michael Ted Evans","male",94461,0.367165362594307,"Republican","male","Trump",FALSE,2018,"Democrat"
"206","MS",4,"Jeramey Anderson","male",68787,0.307452666583234,"Republican","male","Trump",FALSE,2018,"Democrat"
"207","MT",0,"Kathleen Williams","female",233284,0.462478762779504,"Republican","male","Trump",FALSE,2018,"Democrat"
"208","NC",1,"G. K. Butterfield","Unknown",190457,0.698476207939855,"Democrat","Unknown","Clinton",FALSE,2018,"Democrat"
"209","NC",10,"David Wilson Brown","male",113259,0.407072616702848,"Republican","male","Trump",FALSE,2018,"Democrat"
"210","NC",11,"Phillip G. Price","male",116508,0.387499750553771,"Republican","male","Trump",FALSE,2018,"Democrat"
"211","NC",12,"Alma Adams","female",203974,0.730728170295696,"Democrat","female","Clinton",FALSE,2018,"Democrat"
"212","NC",13,"Kathy Manning","female",130402,0.455447826876598,"Republican","male","Trump",FALSE,2018,"Democrat"
"213","NC",2,"Linda Coleman","female",151977,0.458170537587729,"Republican","male","Trump",FALSE,2018,"Democrat"
"214","NC",3,"No candidate","N/A",0,NA,"Republican","male","Trump",FALSE,2018,"Democrat"
"215","NC",4,"David Price","male",247067,0.723681397058608,"Democrat","male","Clinton",FALSE,2018,"Democrat"
"216","NC",5,"DD Adams","Unknown",120468,0.42965208552526,"Republican","female","Trump",FALSE,2018,"Democrat"
"217","NC",6,"Ryan Watts","male",123651,0.434839639893093,"Republican","Unknown","Trump",FALSE,2018,"Democrat"
"218","NC",7,"Kyle Horton","male",120838,0.428029981013914,"Republican","male","Trump",FALSE,2018,"Democrat"
"219","NC",8,"Frank McNeill","male",114119,0.446612998540237,"Republican","male","Trump",FALSE,2018,"Democrat"
"220","NC",9,"Dan McCready","male",138341,0.489326782613002,"Republican","male","Trump",FALSE,2018,"Democrat"
"221","ND",0,"No candidate","N/A",0,NA,"Republican","female","Trump",FALSE,2018,"Democrat"
"222","NE",1,"Jessica McClure","female",93069,0.396407716126944,"Republican","male","Trump",FALSE,2018,"Democrat"
"223","NE",2,"Kara Eastman","female",121770,0.490049701189207,"Republican","male","Trump",FALSE,2018,"Democrat"
"224","NE",3,"Paul Theobald","male",49654,0.232785132955781,"Republican","male","Trump",FALSE,2018,"Democrat"
"225","NH",1,"Chris Pappas","male",155884,0.535612065736894,"Democrat","male","Trump",TRUE,2018,"Democrat"
"226","NH",2,"Anne McLane Kuster","female",155358,0.555435190647289,"Democrat","female","Clinton",FALSE,2018,"Democrat"
"227","NJ",1,"Donald W. Norcross","male",169628,0.643949919899172,"Democrat","male","Clinton",FALSE,2018,"Democrat"
"228","NJ",10,"Donald M. Payne Jr.","male",175253,0.875568922706448,"Democrat","male","Clinton",FALSE,2018,"Democrat"
"229","NJ",11,"Mikie Sherrill","male",183684,0.567672309888928,"Democrat","male","Trump",TRUE,2018,"Democrat"
"230","NJ",12,"Bonnie Watson Coleman","female",173334,0.686811292719168,"Democrat","female","Clinton",FALSE,2018,"Democrat"
"231","NJ",2,"Jeff Van Drew","male",136685,0.529042471251688,"Democrat","male","Trump",TRUE,2018,"Democrat"
"232","NJ",3,"Andy Kim","male",153473,0.500115682281059,"Democrat","male","Trump",TRUE,2018,"Democrat"
"233","NJ",4,"Joshua Welle","male",126766,0.430667101526085,"Democrat","male","Trump",TRUE,2018,"Democrat"
"234","NJ",5,"Josh Gottheimer","male",169546,0.56173982764733,"Democrat","male","Trump",TRUE,2018,"Democrat"
"235","NJ",6,"Frank Pallone Jr.","male",140752,0.636325414227266,"Democrat","male","Clinton",FALSE,2018,"Democrat"
"236","NJ",7,"Tom Malinowski","male",166985,0.517394699171474,"Democrat","male","Clinton",FALSE,2018,"Democrat"
"237","NJ",8,"Albio Sires","Unknown",119881,0.781212733374605,"Democrat","Unknown","Clinton",FALSE,2018,"Democrat"
"238","NJ",9,"Bill Pascrell Jr.","male",140832,0.702698387354303,"Democrat","male","Clinton",FALSE,2018,"Democrat"
"239","NM",1,"Debra A Haaland","female",147336,0.591326125171575,"Democrat","female","Clinton",FALSE,2018,"Democrat"
"240","NM",2,"Xochitl Torres Small","female",101489,0.509339743847111,"Democrat","female","Trump",TRUE,2018,"Democrat"
"241","NM",3,"Ben R Lujan","male",155201,0.633750250109231,"Democrat","male","Clinton",FALSE,2018,"Democrat"
"242","NV",1,"Dina Titus","female",100707,0.661671079690672,"Democrat","female","Clinton",FALSE,2018,"Democrat"
"243","NV",2,"Clint Koble","male",120102,0.417692331769477,"Republican","male","Trump",FALSE,2018,"Democrat"
"244","NV",3,"Susie Lee","female",148501,0.518929440049202,"Democrat","female","Trump",TRUE,2018,"Democrat"
"245","NV",4,"Steven A. Horsford","male",121962,0.519278914113459,"Democrat","male","Clinton",FALSE,2018,"Democrat"
"246","NY",1,"Perry Gershon","male",124213,0.459957860123754,"Democrat","male","Trump",TRUE,2018,"Democrat"
"247","NY",10,"Jerrold L. Nadler","male",162131,0.768546345718105,"Democrat","male","Clinton",FALSE,2018,"Democrat"
"248","NY",11,"Max N. Rose","male",96850,0.503972982677067,"Democrat","male","Trump",TRUE,2018,"Democrat"
"249","NY",12,"Carolyn B. Maloney","female",205858,0.817295743557371,"Democrat","female","Clinton",FALSE,2018,"Democrat"
"250","NY",13,"Adriano Espaillat","male",171341,0.898541072327572,"Democrat","male","Clinton",FALSE,2018,"Democrat"
"251","NY",14,"Alexandria Ocasio-Cortez","female",110318,0.781266819636838,"Democrat","female","Clinton",FALSE,2018,"Democrat"
"252","NY",15,"Jose E. Serrano","male",122007,0.940316452281678,"Democrat","male","Clinton",FALSE,2018,"Democrat"
"253","NY",16,"Eliot L. Engel","male",172815,0.942510744126181,"Democrat","male","Clinton",FALSE,2018,"Democrat"
"254","NY",17,"Nita M. Lowey","female",159923,0.825021538271057,"Democrat","female","Clinton",FALSE,2018,"Democrat"
"255","NY",18,"Sean Patrick Maloney","male",126368,0.502077953037467,"Democrat","male","Trump",TRUE,2018,"Democrat"
"256","NY",19,"Antonio Delgado","male",135582,0.470793719139125,"Democrat","male","Trump",TRUE,2018,"Democrat"
"257","NY",2,"Liuba Grechen Shirley","Unknown",108803,0.451058590397858,"Republican","male","Trump",FALSE,2018,"Democrat"
"258","NY",20,"Paul D. Tonko","male",161330,0.606471839827979,"Democrat","male","Clinton",FALSE,2018,"Democrat"
"259","NY",21,"Tedra L. Cobb","female",93394,0.396970250821407,"Republican","female","Trump",FALSE,2018,"Democrat"
"260","NY",22,"Anthony J. Brindisi","male",116001,0.461765361527316,"Democrat","male","Trump",TRUE,2018,"Democrat"
"261","NY",23,"Tracy Mitrano","female",100914,0.419820779285613,"Republican","male","Trump",FALSE,2018,"Democrat"
"262","NY",24,"Dana Balter","female",115902,0.444960591530154,"Democrat","female","Clinton",FALSE,2018,"Democrat"
"263","NY",25,"Joseph D. Morelle","male",147979,0.547826891751814,"Democrat","male","Clinton",FALSE,2018,"Democrat"
"264","NY",26,"Brian Higgins","male",156968,0.680507927149131,"Democrat","male","Clinton",FALSE,2018,"Democrat"
"265","NY",27,"Nathan D. McMurray","male",128167,0.449235892043463,"Democrat","male","Trump",TRUE,2018,"Democrat"
"266","NY",3,"Thomas R. Suozzi","male",149937,0.561431427908126,"Democrat","male","Clinton",FALSE,2018,"Democrat"
"267","NY",4,"Kathleen M. Rice","female",156728,0.60232277503209,"Democrat","female","Clinton",FALSE,2018,"Democrat"
"268","NY",5,"Gregory W. Meeks","male",160500,0.993986536282057,"Democrat","male","Clinton",FALSE,2018,"Democrat"
"269","NY",6,"Grace Meng","female",104293,0.845018270796704,"Democrat","female","Clinton",FALSE,2018,"Democrat"
"270","NY",7,"Nydia M. Velazquez","female",134125,0.852659216030311,"Democrat","female","Clinton",FALSE,2018,"Democrat"
"271","NY",8,"Hakeem S. Jeffries","male",170850,0.891855068983698,"Democrat","male","Clinton",FALSE,2018,"Democrat"
"272","NY",9,"Yvette D. Clarke","female",167269,0.822271817837708,"Democrat","female","Clinton",FALSE,2018,"Democrat"
"273","OH",1,"Aftab Pureval","male",141118,0.469031578317618,"Republican","male","Trump",FALSE,2018,"Democrat"
"274","OH",10,"Theresa A. Gasper","female",118785,0.421633076109411,"Republican","male","Trump",FALSE,2018,"Democrat"
"275","OH",11,"Marcia L. Fudge","female",206138,0.822380914386021,"Democrat","female","Clinton",FALSE,2018,"Democrat"
"276","OH",12,"Danny O'Connor","male",161251,0.47198131404637,"Republican","male","Trump",FALSE,2018,"Democrat"
"277","OH",13,"Tim Ryan","male",153323,0.60994947686677,"Democrat","male","Clinton",FALSE,2018,"Democrat"
"278","OH",14,"Betsy Rader","female",137549,0.447520481002609,"Republican","male","Trump",FALSE,2018,"Democrat"
"279","OH",15,"Rick Neal","male",116112,0.397041474748925,"Republican","male","Trump",FALSE,2018,"Democrat"
"280","OH",16,"Susan Moran Palmer","female",129681,0.432688265323146,"Republican","male","Trump",FALSE,2018,"Democrat"
"281","OH",2,"Jill Schiller","female",119333,0.411974687652117,"Republican","male","Trump",FALSE,2018,"Democrat"
"282","OH",3,"Joyce Beatty","female",181575,0.736084028912302,"Democrat","female","Clinton",FALSE,2018,"Democrat"
"283","OH",4,"Janet Garrett","female",89412,0.347359219906373,"Republican","male","Trump",FALSE,2018,"Democrat"
"284","OH",5,"J. Michael Galbraith","Unknown",99655,0.351371744288953,"Republican","male","Trump",FALSE,2018,"Democrat"
"285","OH",6,"Shawna Roberts","female",76716,0.30749128221572,"Republican","male","Trump",FALSE,2018,"Democrat"
"286","OH",7,"Ken Harbaugh","male",107536,0.412563830072932,"Republican","male","Trump",FALSE,2018,"Democrat"
"287","OH",8,"Vanessa Enoch","female",87281,0.334239640336533,"Republican","male","Trump",FALSE,2018,"Democrat"
"288","OH",9,"Marcy Kaptur","female",157219,0.67785217537521,"Democrat","female","Clinton",FALSE,2018,"Democrat"
"289","OK",1,"Tim Gilpin","male",103042,0.407005541708964,"Republican","male","Trump",FALSE,2018,"Democrat"
"290","OK",2,"Jason Nichols","male",65021,0.301020360922584,"Republican","Unknown","Trump",FALSE,2018,"Democrat"
"291","OK",3,"Frankie Robbins","male",61152,0.26126076089975,"Republican","male","Trump",FALSE,2018,"Democrat"
"292","OK",4,"Mary Brannon","female",78088,0.329989266305496,"Republican","male","Trump",FALSE,2018,"Democrat"
"293","OK",5,"Kendra Horn","female",121149,0.506984432541011,"Democrat","female","Trump",TRUE,2018,"Democrat"
"294","OR",1,"Suzanne Bonamici","female",231198,0.63647250233311,"Democrat","female","Clinton",FALSE,2018,"Democrat"
"295","OR",2,"Jamie McLeod-Skinner","female",145298,0.394072290071574,"Republican","male","Trump",FALSE,2018,"Democrat"
"296","OR",3,"Earl Blumenauer","male",279019,0.725995639118873,"Democrat","male","Clinton",FALSE,2018,"Democrat"
"297","OR",4,"Peter DeFazio","male",208710,0.559704794673003,"Democrat","male","Clinton",FALSE,2018,"Democrat"
"298","OR",5,"Kurt Schrader","male",197187,0.550081039085667,"Democrat","male","Clinton",FALSE,2018,"Democrat"
"299","PA",1,"Henry Scott Wallace","male",160745,0.487404411185028,"Republican","male","Clinton",FALSE,2018,"Democrat"
"300","PA",10,"George B Scott","male",141668,0.486776413671302,"Republican","male","Trump",FALSE,2018,"Democrat"
"301","PA",11,"Jessica King","Unknown",113876,0.410239783272811,"Republican","male","Trump",FALSE,2018,"Democrat"
"302","PA",12,"Marc Friedenberg","Unknown",82825,0.339624885185671,"Republican","male","Trump",FALSE,2018,"Democrat"
"303","PA",13,"Brent M Ottaway","male",74733,0.295077112600981,"Republican","Unknown","Clinton",FALSE,2018,"Democrat"
"304","PA",14,"Bibiana Boerio","Unknown",110051,0.420946537789219,"Republican","male","Clinton",FALSE,2018,"Democrat"
"305","PA",15,"Susan Boser","Unknown",78327,0.321576371668336,"Republican","male","Trump",FALSE,2018,"Democrat"
"306","PA",16,"Ronald A Dinicola","male",124109,0.4729835820668,"Republican","male","Trump",FALSE,2018,"Democrat"
"307","PA",17,"Conor James Lamb","male",183162,0.562573138930951,"Democrat","male","Trump",TRUE,2018,"Democrat"
"308","PA",18,"Michael F  Doyle Jr.","male",231472,1,"Democrat","male","Trump",TRUE,2018,"Democrat"
"309","PA",2,"Brendan F Boyle","male",159600,0.790169421037518,"Democrat","male","Clinton",FALSE,2018,"Democrat"
"310","PA",3,"Dwight Evans","Unknown",287610,0.93380779682919,"Democrat","Unknown","Trump",TRUE,2018,"Democrat"
"311","PA",4,"Madeleine Dean Cunnane ","Unknown",211524,0.63522437543357,"Democrat","Unknown","Trump",TRUE,2018,"Democrat"
"312","PA",5,"Mary Gay Scanlon","female",198639,0.651886687188643,"Democrat","female","Trump",TRUE,2018,"Democrat"
"313","PA",6,"Christina Jampoler Houlahan","female",177704,0.588759160846575,"Democrat","female","Clinton",FALSE,2018,"Democrat"
"314","PA",7,"Susan Ellis Wild","female",140813,0.534879834081007,"Democrat","female","Clinton",FALSE,2018,"Democrat"
"315","PA",8,"Matthew Alton Cartwright","male",135603,0.546420541089432,"Democrat","male","Trump",TRUE,2018,"Democrat"
"316","PA",9,"Dennis Wolff","Unknown",100204,0.402543717636094,"Republican","Unknown","Trump",FALSE,2018,"Democrat"
"317","RI",1,"David N. Cicilline","male",116099,0.666917504868367,"Democrat","male","Clinton",FALSE,2018,"Democrat"
"318","RI",2,"James R. Langevin","male",126476,0.634929240902222,"Democrat","male","Clinton",FALSE,2018,"Democrat"
"319","SC",1,"Joe Cunningham","male",145455,0.506048366054002,"Democrat","male","Trump",TRUE,2018,"Democrat"
"320","SC",2,"Sean Carrigan","male",109199,0.424669147814995,"Republican","male","Trump",FALSE,2018,"Democrat"
"321","SC",3,"Mary Geren","female",70046,0.309658538310552,"Republican","male","Trump",FALSE,2018,"Democrat"
"322","SC",4,"Brandon P Brown","male",89182,0.365574912891986,"Republican","male","Trump",FALSE,2018,"Democrat"
"323","SC",5,"Archie Parnell","male",103129,0.414874144638123,"Republican","male","Trump",FALSE,2018,"Democrat"
"324","SC",6,"James E Jim Clyburn","male",144765,0.701268692505559,"Democrat","male","Clinton",FALSE,2018,"Democrat"
"325","SC",7,"Robert Williams","male",96564,0.403099092480192,"Republican","male","Trump",FALSE,2018,"Democrat"
"326","SD",0,"Tim Bjorkman","male",120816,0.360138432234083,"Republican","male","Trump",FALSE,2018,"Democrat"
"327","TN",1,"Marty Olsen","male",47138,0.210172907322032,"Republican","male","Trump",FALSE,2018,"Democrat"
"328","TN",2,"Renee Hoyos","female",86668,0.3306247949522,"Republican","male","Trump",FALSE,2018,"Democrat"
"329","TN",3,"Danielle Mitchell","female",84731,0.344764307366793,"Republican","male","Trump",FALSE,2018,"Democrat"
"330","TN",4,"Mariah Phillips","female",78065,0.335834218824613,"Republican","male","Trump",FALSE,2018,"Democrat"
"331","TN",5,"Jim Cooper","male",177923,0.678453219852964,"Democrat","male","Clinton",FALSE,2018,"Democrat"
"332","TN",6,"Dawn Barlow","female",70370,0.282905845461124,"Republican","male","Trump",FALSE,2018,"Democrat"
"333","TN",7,"Justin Kanew","male",81661,0.321014686458268,"Republican","male","Trump",FALSE,2018,"Democrat"
"334","TN",8,"Erika Stotts Pearson","female",74755,0.30101270410115,"Republican","male","Trump",FALSE,2018,"Democrat"
"335","TN",9,"Steve Cohen","male",145139,0.799769666512376,"Democrat","male","Clinton",FALSE,2018,"Democrat"
"336","TX",1,"Shirley J. McKellar","female",61263,0.263247679614988,"Republican","male","Trump",FALSE,2018,"Democrat"
"337","TX",10,"Mike Siegel","male",144034,0.467905674291079,"Republican","male","Trump",FALSE,2018,"Democrat"
"338","TX",11,"Jennie Lou Leeder","female",40631,0.184370419780649,"Republican","male","Trump",FALSE,2018,"Democrat"
"339","TX",12,"Vanessa Adia","female",90994,0.338908939219564,"Republican","female","Trump",FALSE,2018,"Democrat"
"340","TX",13,"Greg Sagan","male",35083,0.169250066333792,"Republican","male","Trump",FALSE,2018,"Democrat"
"341","TX",14,"Adrienne Bell","female",92212,0.393181197980625,"Republican","male","Trump",FALSE,2018,"Democrat"
"342","TX",15,"Vicente Gonzalez","male",98333,0.596673584058446,"Democrat","male","Clinton",FALSE,2018,"Democrat"
"343","TX",16,"Veronica Escobar","female",124437,0.684645179748451,"Democrat","female","Clinton",FALSE,2018,"Democrat"
"344","TX",17,"Rick Kennedy","male",98070,0.413185535346386,"Republican","male","Trump",FALSE,2018,"Democrat"
"345","TX",18,"Sheila Jackson Lee","female",138704,0.75246837228479,"Democrat","female","Clinton",FALSE,2018,"Democrat"
"346","TX",19,"Miguel Levario","male",50039,0.247736218035993,"Republican","male","Trump",FALSE,2018,"Democrat"
"347","TX",2,"Todd Litton","male",119992,0.455564329972057,"Republican","male","Trump",FALSE,2018,"Democrat"
"348","TX",20,"Joaquin Castro","male",139038,0.808534394026622,"Democrat","male","Clinton",FALSE,2018,"Democrat"
"349","TX",21,"Joseph Kopser","male",168421,0.476280834914611,"Republican","male","Trump",FALSE,2018,"Democrat"
"350","TX",22,"Sri Preston Kulkarni","female",138153,0.464528168658899,"Republican","male","Trump",FALSE,2018,"Democrat"
"351","TX",23,"Gina Ortiz Jones","female",102359,0.487263708590987,"Republican","male","Clinton",FALSE,2018,"Democrat"
"352","TX",24,"Jan McDowell","female",125231,0.475407906824894,"Republican","male","Trump",FALSE,2018,"Democrat"
"353","TX",25,"Julie Oliver","female",136385,0.447820248035646,"Republican","male","Trump",FALSE,2018,"Democrat"
"354","TX",26,"Linsey Fagan","female",121938,0.39019535687429,"Republican","male","Trump",FALSE,2018,"Democrat"
"355","TX",27,"Eric Holguin","male",75929,0.366062259848328,"Republican","male","Trump",FALSE,2018,"Democrat"
"356","TX",28,"Henry Cuellar","male",117494,0.843908465372847,"Democrat","male","Clinton",FALSE,2018,"Democrat"
"357","TX",29,"Sylvia R. Garcia","female",88188,0.750574497421145,"Democrat","female","Clinton",FALSE,2018,"Democrat"
"358","TX",3,"Lorie Burch","female",138234,0.442333229870309,"Republican","male","Trump",FALSE,2018,"Democrat"
"359","TX",30,"Eddie Bernice Johnson","male",166784,0.910522235688471,"Democrat","male","Clinton",FALSE,2018,"Democrat"
"360","TX",31,"Mary Jennings """"MJ"""" Hegar","female",136362,0.476778540385375,"Republican","male","Trump",FALSE,2018,"Democrat"
"361","TX",32,"Colin Allred","male",144067,0.522701545606269,"Democrat","male","Clinton",FALSE,2018,"Democrat"
"362","TX",33,"Marc Veasey","male",90805,0.761633563712004,"Democrat","male","Clinton",FALSE,2018,"Democrat"
"363","TX",34,"Filemon B. Vela","male",85825,0.599889563005005,"Democrat","male","Clinton",FALSE,2018,"Democrat"
"364","TX",35,"Lloyd Doggett","male",138278,0.712527116923537,"Democrat","male","Clinton",FALSE,2018,"Democrat"
"365","TX",36,"Dayna Steele","female",60908,0.274414748869145,"Republican","male","Trump",FALSE,2018,"Democrat"
"366","TX",4,"Catherine Krantz","female",57400,0.230295492387009,"Republican","male","Trump",FALSE,2018,"Democrat"
"367","TX",5,"Dan Wood","male",78666,0.375481487492065,"Republican","male","Trump",FALSE,2018,"Democrat"
"368","TX",6,"Jana Lynne Sanchez","female",116350,0.454417634606822,"Republican","male","Trump",FALSE,2018,"Democrat"
"369","TX",7,"Lizzie Pannill Fletcher","female",127959,0.525281094905193,"Democrat","female","Clinton",FALSE,2018,"Democrat"
"370","TX",8,"Steven David","male",67930,0.248672987516931,"Republican","male","Trump",FALSE,2018,"Democrat"
"371","TX",9,"Al Green","male",136256,0.890556270874047,"Democrat","male","Clinton",FALSE,2018,"Democrat"
"372","UT",1,"Lee Castillo","male",63308,0.248917757428254,"Republican","male","Trump",FALSE,2018,"Democrat"
"373","UT",2,"Shireen Ghorbani","female",105051,0.389014382841315,"Republican","male","Trump",FALSE,2018,"Democrat"
"374","UT",3,"James Courage Singer","male",70686,0.273068632223072,"Republican","male","Trump",FALSE,2018,"Democrat"
"375","UT",4,"Ben McAdams","male",134964,0.501219960560179,"Democrat","male","Trump",TRUE,2018,"Democrat"
"376","VA",1,"Vangie A. Williams","female",148464,0.447044724345907,"Republican","male","Trump",FALSE,2018,"Democrat"
"377","VA",10,"Jennifer T. Wexton","female",206356,0.561062548430512,"Democrat","female","Clinton",FALSE,2018,"Democrat"
"378","VA",11,"Gerald Edward Connolly","male",219191,0.711081914030819,"Democrat","male","Clinton",FALSE,2018,"Democrat"
"379","VA",2,"Elaine G. Luria","female",139571,0.510501097293343,"Democrat","female","Trump",TRUE,2018,"Democrat"
"380","VA",3,"Robert C. ""Bobby"" Scott","male",198615,0.912241298536666,"Democrat","male","Clinton",FALSE,2018,"Democrat"
"381","VA",4,"A. Donald McEachin","Unknown",187642,0.62577787856757,"Democrat","Unknown","Clinton",FALSE,2018,"Democrat"
"382","VA",5,"Leslie C. Cockburn","female",145040,0.466477554144716,"Republican","male","Trump",FALSE,2018,"Democrat"
"383","VA",6,"Jennifer Lynn Lewis","female",113133,0.402069110126272,"Republican","male","Trump",FALSE,2018,"Democrat"
"384","VA",7,"Abigail A. Spanberger","female",176079,0.503366180392964,"Democrat","female","Trump",TRUE,2018,"Democrat"
"385","VA",8,"Donald S. Beyer, Jr.","male",247137,0.761011615160063,"Democrat","male","Clinton",FALSE,2018,"Democrat"
"386","VA",9,"Anthony J. Flaccavento","male",85833,0.34753016438578,"Republican","Unknown","Trump",FALSE,2018,"Democrat"
"387","VT",0,"Peter Welch","male",188547,0.692040036557032,"Democrat","male","Clinton",FALSE,2018,"Democrat"
"388","WA",1,"Suzan DelBene","female",197209,0.592676630312283,"Democrat","female","Clinton",FALSE,2018,"Democrat"
"389","WA",10,"Denny Heck","male",166215,0.615440155512358,"Democrat","male","Clinton",FALSE,2018,"Democrat"
"390","WA",2,"Rick Larsen","male",210187,0.712901880047349,"Democrat","male","Clinton",FALSE,2018,"Democrat"
"391","WA",3,"Carolyn Long","female",145407,0.473290021026866,"Republican","male","Trump",FALSE,2018,"Democrat"
"392","WA",4,"Christine Brown","female",83785,0.371822522810381,"Republican","male","Trump",FALSE,2018,"Democrat"
"393","WA",5,"Lisa Brown","female",144925,0.452400053691778,"Republican","female","Trump",FALSE,2018,"Democrat"
"394","WA",6,"Derek Kilmer","male",206409,0.638867050878094,"Democrat","male","Clinton",FALSE,2018,"Democrat"
"395","WA",7,"Pramila Jayapal","Unknown",329800,0.835611544513164,"Democrat","Unknown","Clinton",FALSE,2018,"Democrat"
"396","WA",8,"Kim Schrier","female",164089,0.524150554052457,"Democrat","female","Clinton",FALSE,2018,"Democrat"
"397","WA",9,"Adam Smith","male",163345,0.679000029097923,"Democrat","male","Clinton",FALSE,2018,"Democrat"
"398","WA",9,"Sarah Smith","female",77222,0.320999970902077,"Democrat","female","Clinton",FALSE,2018,"Democrat"
"399","WI",1,"Randy Bryce","male",137508,0.422689253866229,"Republican","male","Trump",FALSE,2018,"Democrat"
"400","WI",2,"Mark Pocan","male",309116,0.974222726484817,"Democrat","male","Clinton",FALSE,2018,"Democrat"
"401","WI",3,"Ron Kind","male",187888,0.5964906711028,"Democrat","male","Trump",TRUE,2018,"Democrat"
"402","WI",4,"Gwen S. Moore","female",206487,0.756121675510002,"Democrat","female","Clinton",FALSE,2018,"Democrat"
"403","WI",5,"Tom Palzewicz","male",138385,0.379878008608573,"Republican","Unknown","Trump",FALSE,2018,"Democrat"
"404","WI",6,"Dan Kohl","male",144536,0.444637226400874,"Republican","male","Trump",FALSE,2018,"Democrat"
"405","WI",7,"Margaret Engebretson","female",124307,0.385042126130591,"Republican","male","Trump",FALSE,2018,"Democrat"
"406","WV",1,"Kendra Fershee","female",70217,0.354248438556308,"Republican","male","Trump",FALSE,2018,"Democrat"
"407","WV",2,"Talley Sergent","female",88011,0.429757998359311,"Republican","male","Trump",FALSE,2018,"Democrat"
"408","WV",3,"Richard Ojeda II","male",76340,0.436265965654199,"Republican","female","Trump",FALSE,2018,"Democrat"
"409","WY",0,"Greg Hunter","male",59903,0.29766205371562,"Republican","female","Trump",FALSE,2018,"Democrat"
"410","AK",0,"Don Young","male",149779,0.530818737906055,"Republican","male","Trump",FALSE,2018,"Republican"
"411","AL",1,"Bradley Byrne","male",153228,0.631563328208658,"Republican","male","Trump",FALSE,2018,"Republican"
"412","AL",2,"Martha Roby","female",138879,0.613884100251956,"Republican","female","Trump",FALSE,2018,"Republican"
"413","AL",3,"Mike Rogers","male",147770,0.637173102214173,"Republican","male","Trump",FALSE,2018,"Republican"
"414","AL",4,"Robert Aderholt","male",184255,0.797747749698011,"Republican","male","Trump",FALSE,2018,"Republican"
"415","AL",6,"Gary Palmer","male",192542,0.691780920352965,"Republican","male","Trump",FALSE,2018,"Republican"
"416","AL",7,"No candidate","N/A",0,NA,"Democrat","female","Clinton",FALSE,2018,"Republican"
"417","AR",1,"Rick Crawford","male",138757,0.689492906656066,"Republican","male","Trump",FALSE,2018,"Republican"
"418","AR",2,"French Hill","male",132125,0.521299807064821,"Republican","male","Trump",FALSE,2018,"Republican"
"419","AR",3,"Steve Womack","male",148717,0.64741759102861,"Republican","male","Trump",FALSE,2018,"Republican"
"420","AR",4,"Bruce Westerman","male",136740,0.667375983444937,"Republican","male","Trump",FALSE,2018,"Republican"
"421","AZ",1,"Wendy Rogers","female",122784,0.461439593519462,"Democrat","male","Trump",TRUE,2018,"Republican"
"422","AZ",2,"Lea Marquez Peterson","female",133083,0.45242935625119,"Democrat","female","Clinton",FALSE,2018,"Republican"
"423","AZ",3,"Nicolas ""Nick"" Pierson","male",64868,0.361345380407536,"Democrat","male","Clinton",FALSE,2018,"Republican"
"424","AZ",4,"Paul Gosar","male",188842,0.681653942642626,"Republican","male","Trump",FALSE,2018,"Republican"
"425","AZ",5,"Andy Biggs","male",186037,0.594245904990673,"Republican","male","Trump",FALSE,2018,"Republican"
"426","AZ",6,"David Schweikert","male",173140,0.551930353619234,"Republican","male","Trump",FALSE,2018,"Republican"
"427","AZ",7,"No candidate","N/A",0,NA,"Democrat","male","Clinton",FALSE,2018,"Republican"
"428","AZ",8,"Debbie Lesko","female",168835,0.554617514790567,"Republican","female","Trump",FALSE,2018,"Republican"
"429","AZ",9,"Stephen L Ferrara","male",101662,0.389144289842868,"Democrat","male","Clinton",FALSE,2018,"Republican"
"430","CA",1,"Doug La Malfa","male",320092,0.548865888872885,"Republican","male","Trump",FALSE,2018,"Republican"
"431","CA",10,"Jeff Denham","male",211910,0.477489860297431,"Democrat","male","Clinton",FALSE,2018,"Republican"
"432","CA",11,"John Fitzgerald","male",142624,0.258675788320559,"Democrat","male","Clinton",FALSE,2018,"Republican"
"433","CA",12,"Lisa Remmer","female",83560,0.131768178836353,"Democrat","female","Clinton",FALSE,2018,"Republican"
"434","CA",13,"No candidate","N/A",0,NA,"Democrat","female","Clinton",FALSE,2018,"Republican"
"435","CA",14,"Cristina Osmena","female",110878,0.207774442233241,"Democrat","female","Clinton",FALSE,2018,"Republican"
"436","CA",15,"Rudy L. Peters Jr.","male",131880,0.270324561655236,"Democrat","male","Clinton",FALSE,2018,"Republican"
"437","CA",16,"Elizabeth Heng","female",121386,0.424548297064193,"Democrat","male","Clinton",FALSE,2018,"Republican"
"438","CA",17,"Ron Cohen","male",104114,0.246526363644974,"Democrat","Unknown","Clinton",FALSE,2018,"Republican"
"439","CA",18,"Christine Russell","female",154192,0.255083741951707,"Democrat","female","Clinton",FALSE,2018,"Republican"
"440","CA",19,"Justin James Aguilera","male",115646,0.262451263849237,"Democrat","female","Clinton",FALSE,2018,"Republican"
"441","CA",2,"Dale K. Mensing","male",145152,0.229920451629459,"Democrat","male","Clinton",FALSE,2018,"Republican"
"442","CA",20,"No candidate","N/A",0,NA,"Democrat","male","Clinton",FALSE,2018,"Republican"
"443","CA",21,"David G. Valadao","male",112754,0.496206520208421,"Democrat","male","Clinton",FALSE,2018,"Republican"
"444","CA",22,"Devin G. Nunes","male",234486,0.527221545199862,"Republican","male","Trump",FALSE,2018,"Republican"
"445","CA",23,"Kevin McCarthy","male",262226,0.637169904847065,"Republican","male","Trump",FALSE,2018,"Republican"
"446","CA",24,"Justin Fareed","male",235762,0.41444497962599,"Democrat","female","Clinton",FALSE,2018,"Republican"
"447","CA",25,"Steve Knight","male",223626,0.45633861449176,"Democrat","female","Clinton",FALSE,2018,"Republican"
"448","CA",26,"Antonio Sabato, Jr.","male",194420,0.380579893981036,"Democrat","female","Clinton",FALSE,2018,"Republican"
"449","CA",27,"No candidate","N/A",0,NA,"Democrat","male","Clinton",FALSE,2018,"Republican"
"450","CA",27,"No candidate","N/A",0,NA,"Democrat","female","Clinton",FALSE,2018,"Republican"
"451","CA",28,"Johnny J. Nalbandian","male",108544,0.216279978002184,"Democrat","male","Clinton",FALSE,2018,"Republican"
"452","CA",29,"Benito Benny Bernal","male",59990,0.1939014299382,"Democrat","male","Clinton",FALSE,2018,"Republican"
"453","CA",3,"Charlie Schaupp","male",194752,0.41927053058975,"Democrat","male","Clinton",FALSE,2018,"Republican"
"454","CA",30,"Mark S. Reed","male",138840,0.265984145168644,"Democrat","male","Clinton",FALSE,2018,"Republican"
"455","CA",31,"Sean Flynn","male",154704,0.412555001466706,"Democrat","male","Clinton",FALSE,2018,"Republican"
"456","CA",32,"Joshua M. Scott","male",110544,0.312216504454022,"Democrat","female","Clinton",FALSE,2018,"Republican"
"457","CA",33,"Kenneth Weston Wright","male",187538,0.299715527712076,"Democrat","male","Clinton",FALSE,2018,"Republican"
"458","CA",34,"No candidate","N/A",0,NA,"Democrat","male","Clinton",FALSE,2018,"Republican"
"459","CA",35,"Christian Leonel Valiente","male",91208,0.306017822632596,"Democrat","female","Clinton",FALSE,2018,"Republican"
"460","CA",36,"Kimberlin Brown Pelzer","female",169678,0.409834402535168,"Democrat","male","Clinton",FALSE,2018,"Republican"
"461","CA",37,"Ron J. Bassilian","male",51646,0.109244515141003,"Democrat","female","Clinton",FALSE,2018,"Republican"
"462","CA",38,"Ryan Downing","male",125936,0.311482221650606,"Democrat","female","Clinton",FALSE,2018,"Republican"
"463","CA",39,"Young Kim","male",236782,0.484428768418081,"Democrat","male","Clinton",FALSE,2018,"Republican"
"464","CA",4,"Tom McClintock","male",368802,0.541314647707058,"Republican","male","Trump",FALSE,2018,"Republican"
"465","CA",40,"No candidate","N/A",0,NA,"Democrat","female","Clinton",FALSE,2018,"Republican"
"466","CA",41,"Aja Smith","female",116042,0.34900269476926,"Democrat","male","Clinton",FALSE,2018,"Republican"
"467","CA",42,"Ken Calvert","male",262080,0.564993187658452,"Republican","male","Trump",FALSE,2018,"Republican"
"468","CA",43,"Omar Navarro","male",87560,0.22330810193214,"Democrat","female","Clinton",FALSE,2018,"Republican"
"469","CA",44,"No candidate","N/A",0,NA,"Democrat","female","Clinton",FALSE,2018,"Republican"
"470","CA",44,"No candidate","N/A",0,NA,"Democrat","female","Clinton",FALSE,2018,"Republican"
"471","CA",45,"Mimi Walters","female",292766,0.479489925939028,"Democrat","female","Clinton",FALSE,2018,"Republican"
"472","CA",46,"Russell Rene Lambert","male",91276,0.308539982152032,"Democrat","female","Clinton",FALSE,2018,"Republican"
"473","CA",47,"John Briscoe","male",155364,0.351445013481967,"Democrat","male","Clinton",FALSE,2018,"Republican"
"474","CA",48,"Dana Rohrabacher","female",273798,0.464480077085935,"Democrat","male","Clinton",FALSE,2018,"Republican"
"475","CA",49,"Diane L. Harkey","female",257154,0.435809917635495,"Democrat","male","Clinton",FALSE,2018,"Republican"
"476","CA",5,"No candidate","N/A",0,NA,"Democrat","male","Clinton",FALSE,2018,"Republican"
"477","CA",50,"Duncan Hunter","male",268724,0.517154843924406,"Republican","male","Trump",FALSE,2018,"Republican"
"478","CA",51,"Juan M. Hidalgo Jr.","male",88602,0.287990482876979,"Democrat","male","Clinton",FALSE,2018,"Republican"
"479","CA",52,"Omar Qudrat","male",214030,0.361528612499029,"Democrat","male","Clinton",FALSE,2018,"Republican"
"480","CA",53,"Morgan Murtaugh","female",166254,0.309259135248555,"Democrat","female","Clinton",FALSE,2018,"Republican"
"481","CA",6,"No candidate","N/A",0,NA,"Democrat","female","Clinton",FALSE,2018,"Republican"
"482","CA",6,"No candidate","N/A",0,NA,"Democrat","Unknown","Clinton",FALSE,2018,"Republican"
"483","CA",7,"Andrew Grant","male",253202,0.449550275729093,"Democrat","female","Clinton",FALSE,2018,"Republican"
"484","CA",8,"Paul Cook","male",204830,0.599672102350909,"Republican","male","Trump",FALSE,2018,"Republican"
"485","CA",8,"Tim Donnelly","male",136740,0.400327897649091,"Republican","male","Trump",FALSE,2018,"Republican"
"486","CA",9,"Marla Livengood","female",174698,0.435085150152169,"Democrat","male","Clinton",FALSE,2018,"Republican"
"487","CO",1,"Charles Casper Stockham","male",85207,0.230480425650472,"Democrat","female","Clinton",FALSE,2018,"Republican"
"488","CO",2,"Peter Yu","male",144901,0.336498581095831,"Democrat","male","Clinton",FALSE,2018,"Republican"
"489","CO",3,"Scott R. Tipton","male",173205,0.515201270713795,"Republican","male","Trump",FALSE,2018,"Republican"
"490","CO",4,"Ken Buck","male",224038,0.606192942296973,"Republican","male","Trump",FALSE,2018,"Republican"
"491","CO",5,"Doug Lamborn","male",184002,0.570292426660881,"Republican","male","Trump",FALSE,2018,"Republican"
"492","CO",6,"Mike Coffman","male",148685,0.428713125365827,"Democrat","male","Clinton",FALSE,2018,"Republican"
"493","CO",7,"Mark Barrington","male",119734,0.35423631533168,"Democrat","male","Clinton",FALSE,2018,"Republican"
"494","CT",1,"Jennifer T Nye","female",96024,0.350273582840884,"Democrat","male","Clinton",FALSE,2018,"Republican"
"495","CT",2,"Danny Postemski Jr","male",102483,0.354472630173565,"Democrat","male","Clinton",FALSE,2018,"Republican"
"496","CT",3,"Angel Cadena","male",95667,0.354008858824966,"Democrat","female","Clinton",FALSE,2018,"Republican"
"497","CT",4,"Harry Arora","male",103175,0.374295758041872,"Democrat","male","Clinton",FALSE,2018,"Republican"
"498","CT",5,"Manny Santos","male",115146,0.425420447492094,"Democrat","female","Clinton",FALSE,2018,"Republican"
"499","DE",0,"Scott Walker","male",125384,0.355460300450477,"Democrat","female","Clinton",FALSE,2018,"Republican"
"500","FL",20,"No candidate","N/A",0,NA,"Democrat","male","Clinton",FALSE,2018,"Republican"
"501","GA",1,"Earl L. """"Buddy"""" Carter","male",144741,0.577386579863812,"Republican","male","Trump",FALSE,2018,"Republican"
"502","GA",10,"Jody Hice","female",190396,0.628919682230333,"Republican","female","Trump",FALSE,2018,"Republican"
"503","GA",11,"Barry Loudermilk","male",191887,0.617913956334128,"Republican","male","Trump",FALSE,2018,"Republican"
"504","GA",12,"Rick W. Allen","male",148986,0.594773485779985,"Republican","male","Trump",FALSE,2018,"Republican"
"505","GA",13,"David Callahan","male",69760,0.238080611583222,"Democrat","male","Clinton",FALSE,2018,"Republican"
"506","GA",14,"Tom Graves","male",175743,0.765018021625951,"Republican","male","Trump",FALSE,2018,"Republican"
"507","GA",2,"Herman West Jr","male",92472,0.40350655187611,"Democrat","male","Clinton",FALSE,2018,"Republican"
"508","GA",3,"Drew Ferguson","male",191996,0.655263032156338,"Republican","male","Trump",FALSE,2018,"Republican"
"509","GA",4,"Joe Profit","male",61092,0.21153080409544,"Democrat","male","Clinton",FALSE,2018,"Republican"
"510","GA",5,"No candidate","N/A",0,NA,"Democrat","male","Clinton",FALSE,2018,"Republican"
"511","GA",6,"Karen Handel","female",156875,0.494823866360494,"Democrat","female","Trump",TRUE,2018,"Republican"
"512","GA",7,"Rob Woodall","male",140430,0.500747037701335,"Republican","male","Trump",FALSE,2018,"Republican"
"513","GA",8,"Austin Scott","male",198152,0.997161778618732,"Republican","male","Trump",FALSE,2018,"Republican"
"514","GA",9,"Doug Collins","male",224661,0.795040661339524,"Republican","male","Trump",FALSE,2018,"Republican"
"515","HI",1,"Cam Cavasso","male",42498,0.230702835335566,"Democrat","male","Clinton",FALSE,2018,"Republican"
"516","HI",2,"Brian Evans","male",44850,0.226376810131182,"Democrat","female","Clinton",FALSE,2018,"Republican"
"517","IA",1,"Rod Blum","male",153442,0.459073189266492,"Democrat","female","Trump",TRUE,2018,"Republican"
"518","IA",2,"Christopher Peters","male",133287,0.425955457267675,"Democrat","male","Trump",TRUE,2018,"Republican"
"519","IA",3,"David Young","male",167933,0.471402786316005,"Democrat","female","Trump",TRUE,2018,"Republican"
"520","IA",4,"Steve King","male",157676,0.50335354077082,"Republican","male","Trump",FALSE,2018,"Republican"
"521","ID",1,"Russ Fulcher","male",197719,0.627541903519547,"Republican","male","Trump",FALSE,2018,"Republican"
"522","ID",2,"Mike Simpson","male",170274,0.606702178831662,"Republican","male","Trump",FALSE,2018,"Republican"
"523","IL",1,"Jimmy Lee Tillman, Ii","male",50960,0.197607460689842,"Democrat","male","Clinton",FALSE,2018,"Republican"
"524","IL",10,"Douglas R. Bennett","male",82124,0.344098816746556,"Democrat","male","Clinton",FALSE,2018,"Republican"
"525","IL",11,"Nick Stella","male",82358,0.361591991745878,"Democrat","male","Clinton",FALSE,2018,"Republican"
"526","IL",12,"Mike Bost","male",134884,0.515723991848377,"Republican","male","Trump",FALSE,2018,"Republican"
"527","IL",13,"Rodney Davis","male",136516,0.503784398168137,"Republican","male","Trump",FALSE,2018,"Republican"
"528","IL",14,"Randall M. \Randy\ Hultgren","male",141164,0.474981409762482,"Democrat","female","Trump",TRUE,2018,"Republican"
"529","IL",15,"John M. Shimkus","male",181294,0.70926575068073,"Republican","male","Trump",FALSE,2018,"Republican"
"530","IL",16,"Adam Kinzinger","male",151254,0.591240105540897,"Republican","male","Trump",FALSE,2018,"Republican"
"531","IL",17,"William W. \Bill\ Fawell","male",87090,0.379065850123396,"Democrat","female","Trump",TRUE,2018,"Republican"
"532","IL",18,"Darin Lahood","male",195927,0.672334453164409,"Republican","male","Trump",FALSE,2018,"Republican"
"533","IL",2,"David Merkle","male",44567,0.189444465698339,"Democrat","female","Clinton",FALSE,2018,"Republican"
"534","IL",3,"Arthur J. Jones","male",57885,0.259185793475243,"Democrat","male","Clinton",FALSE,2018,"Republican"
"535","IL",4,"Mark Wayne Lorch","male",22294,0.134148469513626,"Democrat","male","Clinton",FALSE,2018,"Republican"
"536","IL",5,"Tom Hanson","male",65134,0.233345633412269,"Democrat","male","Clinton",FALSE,2018,"Republican"
"537","IL",6,"Peter J. Roskam","male",146445,0.464247446472613,"Democrat","male","Clinton",FALSE,2018,"Republican"
"538","IL",7,"Craig Cameron","male",30497,0.123849205865751,"Democrat","male","Clinton",FALSE,2018,"Republican"
"539","IL",8,"Jitendra \Jd\ Diganvker","Unknown",67073,0.340252730473248,"Democrat","male","Clinton",FALSE,2018,"Republican"
"540","IL",9,"John D. Elleson","male",76983,0.265137712630575,"Democrat","female","Clinton",FALSE,2018,"Republican"
"541","IN",1,"Mark Leyva","male",85594,0.349065491070882,"Democrat","male","Clinton",FALSE,2018,"Republican"
"542","IN",2,"Jackie Walorski","female",125499,0.548296335778478,"Republican","female","Trump",FALSE,2018,"Republican"
"543","IN",3,"Jim Banks","male",158927,0.647262937968616,"Republican","male","Trump",FALSE,2018,"Republican"
"544","IN",4,"Jim Baird","male",156539,0.640600254539353,"Republican","male","Trump",FALSE,2018,"Republican"
"545","IN",5,"Susan W. Brooks","female",180035,0.567616819630679,"Republican","female","Trump",FALSE,2018,"Republican"
"546","IN",6,"Greg Pence","male",154260,0.638160561958581,"Republican","male","Trump",FALSE,2018,"Republican"
"547","IN",7,"Wayne ""Gunny"" Harmon","male",76457,0.351371348738028,"Democrat","male","Clinton",FALSE,2018,"Republican"
"548","IN",8,"Larry D. Bucshon","male",157396,0.644297170178189,"Republican","male","Trump",FALSE,2018,"Republican"
"549","IN",9,"Trey Hollingsworth","male",153271,0.564823242838875,"Republican","male","Trump",FALSE,2018,"Republican"
"550","KS",1,"Roger Marshall","male",153082,0.681454772079772,"Republican","male","Trump",FALSE,2018,"Republican"
"551","KS",2,"Steve Watkins","male",126098,0.476402405851418,"Republican","male","Trump",FALSE,2018,"Republican"
"552","KS",3,"Kevin Yoder","male",139762,0.439087530356486,"Democrat","female","Clinton",FALSE,2018,"Republican"
"553","KS",4,"Ron Estes","male",144248,0.594364073129427,"Republican","male","Trump",FALSE,2018,"Republican"
"554","KY",1,"James R. Comer","male",172167,0.685880581317526,"Republican","male","Trump",FALSE,2018,"Republican"
"555","KY",2,"S. Brett Guthrie","Unknown",171700,0.667197730672832,"Republican","Unknown","Trump",FALSE,2018,"Republican"
"556","KY",3,"Vickie Yates B. Glisson","female",101930,0.365707520091848,"Democrat","male","Clinton",FALSE,2018,"Republican"
"557","KY",4,"Thomas Massie","male",162946,0.622377889477946,"Republican","male","Trump",FALSE,2018,"Republican"
"558","KY",5,"Harold ""Hal"" Rogers","male",172093,0.789355875917933,"Republican","male","Trump",FALSE,2018,"Republican"
"559","KY",6,"Andy Barr","male",154468,0.509983888434009,"Republican","male","Trump",FALSE,2018,"Republican"
"560","LA",2,"No candidate","N/A",0,NA,"Democrat","male","Clinton",FALSE,2018,"Republican"
"561","LA",4,"""Mike"" Johnson","Unknown",139326,0.642434246929064,"Republican","Unknown","Trump",FALSE,2018,"Republican"
"562","LA",5,"Ralph Abraham","male",149018,0.665419342162843,"Republican","male","Trump",FALSE,2018,"Republican"
"563","MA",1,"No candidate","N/A",0,NA,"Democrat","male","Clinton",FALSE,2018,"Republican"
"564","MA",2,"Tracy Lyn Lovvorn","female",93391,0.327810792121955,"Democrat","male","Clinton",FALSE,2018,"Republican"
"565","MA",3,"Rick Green","male",93445,0.334536224568337,"Democrat","female","Clinton",FALSE,2018,"Republican"
"566","MA",4,"No candidate","N/A",0,NA,"Democrat","male","Clinton",FALSE,2018,"Republican"
"567","MA",5,"John Hugo","male",74856,0.240444039007593,"Democrat","female","Clinton",FALSE,2018,"Republican"
"568","MA",6,"Joseph S. Schneider","male",104798,0.3137899543379,"Democrat","male","Clinton",FALSE,2018,"Republican"
"569","MA",7,"No candidate","N/A",0,NA,"Democrat","female","Clinton",FALSE,2018,"Republican"
"570","MA",8,"No candidate","N/A",0,NA,"Democrat","male","Clinton",FALSE,2018,"Republican"
"571","MA",9,"Peter D. Tedeschi","male",131463,0.405840186708157,"Democrat","male","Clinton",FALSE,2018,"Republican"
"572","MD",1,"Andy Harris","male",125480,0.630663684567638,"Republican","male","Trump",FALSE,2018,"Republican"
"573","MD",2,"Liz Matory","female",54335,0.332320093943805,"Democrat","Unknown","Clinton",FALSE,2018,"Republican"
"574","MD",3,"Charles Anthony","male",59156,0.310484548202889,"Democrat","male","Clinton",FALSE,2018,"Republican"
"575","MD",4,"George McDermott","male",35936,0.214720187378258,"Democrat","male","Clinton",FALSE,2018,"Republican"
"576","MD",5,"William A. Devine, III","male",58775,0.299135294147585,"Democrat","Unknown","Clinton",FALSE,2018,"Republican"
"577","MD",6,"Amie Hoeber","female",79335,0.421667215885536,"Democrat","male","Clinton",FALSE,2018,"Republican"
"578","MD",7,"Richmond Davis","male",36756,0.228727177687339,"Democrat","male","Clinton",FALSE,2018,"Republican"
"579","MD",8,"John Walsh","male",72054,0.350568029775951,"Democrat","female","Clinton",FALSE,2018,"Republican"
"580","ME",1,"Mark I. Holbrook","male",111188,0.3250607362017,"Democrat","female","Clinton",FALSE,2018,"Republican"
"581","ME",2,"Bruce Poliquin","male",138931,0.493764460445462,"Democrat","male","Trump",TRUE,2018,"Republican"
"582","MI",1,"Jack Bergman","male",187251,0.563165983452482,"Republican","male","Trump",FALSE,2018,"Republican"
"583","MI",10,"Paul Mitchell","male",182808,0.603199324235145,"Republican","male","Trump",FALSE,2018,"Republican"
"584","MI",11,"Lena Epstein","female",158463,0.451588909692477,"Democrat","female","Trump",TRUE,2018,"Republican"
"585","MI",12,"Jeff Jones","male",85115,0.288889718560354,"Democrat","female","Clinton",FALSE,2018,"Republican"
"586","MI",13,"No candidate","N/A",0,NA,"Democrat","female","Clinton",FALSE,2018,"Republican"
"587","MI",14,"Marc S. Herschfus","male",45899,0.173207695268572,"Democrat","female","Clinton",FALSE,2018,"Republican"
"588","MI",2,"Bill Huizenga","male",168970,0.553160284551648,"Republican","male","Trump",FALSE,2018,"Republican"
"589","MI",3,"Justin Amash","male",169107,0.544207375941301,"Republican","male","Trump",FALSE,2018,"Republican"
"590","MI",4,"John Moolenaar","male",178510,0.626241010349062,"Republican","male","Trump",FALSE,2018,"Republican"
"591","MI",5,"Travis Wines","male",99265,0.359118420624211,"Democrat","male","Clinton",FALSE,2018,"Republican"
"592","MI",6,"Fred Upton","male",147436,0.502443446315746,"Republican","male","Trump",FALSE,2018,"Republican"
"593","MI",7,"Tim Walberg","male",158730,0.537958381346167,"Republican","male","Trump",FALSE,2018,"Republican"
"594","MI",8,"Mike Bishop","male",159782,0.467755486792762,"Democrat","female","Trump",TRUE,2018,"Republican"
"595","MI",9,"Candius Stearns","female",112123,0.368143865144486,"Democrat","male","Clinton",FALSE,2018,"Republican"
"596","MN",1,"Jim Hagedorn","male",146200,0.50126688175656,"Republican","male","Trump",FALSE,2018,"Republican"
"597","MN",2,"Jason Lewis","male",159344,0.471476589499598,"Republican","male","Trump",FALSE,2018,"Republican"
"598","MN",3,"Erik Paulsen","male",160839,0.441927303001245,"Republican","male","Clinton",FALSE,2018,"Republican"
"599","MN",4,"Greg Ryan","male",97747,0.297452330089406,"Republican","male","Clinton",FALSE,2018,"Republican"
"600","MN",5,"Jennifer Zielinski","female",74440,0.216799958061266,"Republican","female","Clinton",FALSE,2018,"Republican"
"601","MN",6,"Tom Emmer","male",192931,0.611070991936046,"Republican","male","Trump",FALSE,2018,"Republican"
"602","MN",7,"Dave Hughes","male",134668,0.478379021629859,"Republican","male","Trump",FALSE,2018,"Republican"
"603","MN",8,"Pete Stauber","male",159364,0.507187845110451,"Republican","male","Trump",FALSE,2018,"Republican"
"604","MO",1,"Robert Vroman","male",45867,0.167169020501139,"Democrat","female","Clinton",FALSE,2018,"Republican"
"605","MO",2,"Ann Wagner","female",192477,0.511817074662426,"Republican","female","Trump",FALSE,2018,"Republican"
"606","MO",3,"Blaine Luetkemeyer","male",211243,0.650763382294953,"Republican","male","Trump",FALSE,2018,"Republican"
"607","MO",4,"Vicky Hartzler","female",190138,0.648236032129171,"Republican","female","Trump",FALSE,2018,"Republican"
"608","MO",5,"Jacob Turk","male",101069,0.356146378420283,"Democrat","male","Clinton",FALSE,2018,"Republican"
"609","MO",6,"Sam Graves","male",199796,0.65419159225825,"Republican","male","Trump",FALSE,2018,"Republican"
"610","MO",7,"Billy Long","male",196343,0.662302879020425,"Republican","male","Trump",FALSE,2018,"Republican"
"611","MO",8,"Jason Smith","male",194042,0.733898388420531,"Republican","male","Trump",FALSE,2018,"Republican"
"612","MS",1,"Trent Kelly","male",158245,0.669052642260095,"Republican","male","Trump",FALSE,2018,"Republican"
"613","MS",2,"No candidate","N/A",0,NA,"Democrat","male","Clinton",FALSE,2018,"Republican"
"614","MS",3,"Michael Guest","male",160284,0.623016196928531,"Republican","male","Trump",FALSE,2018,"Republican"
"615","MS",4,"Steven Palazzo","male",152633,0.68221354120108,"Republican","male","Trump",FALSE,2018,"Republican"
"616","MT",0,"Greg Gianforte","male",256661,0.508822987147641,"Republican","male","Trump",FALSE,2018,"Republican"
"617","NC",1,"Roger W. Allison","male",82218,0.301523792060145,"Democrat","Unknown","Clinton",FALSE,2018,"Republican"
"618","NC",10,"Patrick McHenry","male",164969,0.592927383297152,"Republican","male","Trump",FALSE,2018,"Republican"
"619","NC",11,"Mark Meadows","male",178012,0.592058962436724,"Republican","male","Trump",FALSE,2018,"Republican"
"620","NC",12,"Paul Wright","male",75164,0.269271829704304,"Democrat","female","Clinton",FALSE,2018,"Republican"
"621","NC",13,"Ted Budd","male",147570,0.51540954749298,"Republican","male","Trump",FALSE,2018,"Republican"
"622","NC",2,"George Holding","male",170072,0.51272218604539,"Republican","male","Trump",FALSE,2018,"Republican"
"623","NC",3,"Walter B. Jones","male",187901,1,"Republican","male","Trump",FALSE,2018,"Republican"
"624","NC",4,"Steve A. (Von) Loor","male",82052,0.240337665456953,"Democrat","male","Clinton",FALSE,2018,"Republican"
"625","NC",5,"Virginia Foxx","female",159917,0.57034791447474,"Republican","female","Trump",FALSE,2018,"Republican"
"626","NC",6,"B. Mark Walker","Unknown",160709,0.565160360106907,"Republican","Unknown","Trump",FALSE,2018,"Republican"
"627","NC",7,"David Rouzer","male",156809,0.555445747966788,"Republican","male","Trump",FALSE,2018,"Republican"
"628","NC",8,"Richard Hudson","male",141402,0.553387001459763,"Republican","male","Trump",FALSE,2018,"Republican"
"629","NC",9,"Mark Harris","male",139246,0.492527863552599,"Republican","male","Trump",FALSE,2018,"Republican"
"630","ND",0,"Kelly Armstrong","female",193568,0.602017839592949,"Republican","female","Trump",FALSE,2018,"Republican"
"631","NE",1,"Jeff Fortenberry","male",141712,0.603592283873056,"Republican","male","Trump",FALSE,2018,"Republican"
"632","NE",2,"Don Bacon","male",126715,0.509950298810793,"Republican","male","Trump",FALSE,2018,"Republican"
"633","NE",3,"Adrian Smith","male",163650,0.767214867044219,"Republican","male","Trump",FALSE,2018,"Republican"
"634","NH",1,"Eddie Edwards","male",130996,0.450097753222077,"Democrat","male","Trump",TRUE,2018,"Republican"
"635","NH",2,"Steven Negron","male",117990,0.421837292862123,"Democrat","female","Clinton",FALSE,2018,"Republican"
"636","NJ",1,"Paul E. Dilks","male",87617,0.332615842501272,"Democrat","male","Clinton",FALSE,2018,"Republican"
"637","NJ",10,"Agha Khan","male",20191,0.100874804530398,"Democrat","male","Clinton",FALSE,2018,"Republican"
"638","NJ",11,"Jay Webber","male",136322,0.421300846174291,"Democrat","male","Trump",TRUE,2018,"Republican"
"639","NJ",12,"Daryl Kipnis","male",79041,0.313188707280832,"Democrat","female","Clinton",FALSE,2018,"Republican"
"640","NJ",2,"Seth Grossman","male",116866,0.452332570840252,"Democrat","male","Trump",TRUE,2018,"Republican"
"641","NJ",3,"Tom MacArthur","male",149500,0.487169042769857,"Democrat","male","Trump",TRUE,2018,"Republican"
"642","NJ",4,"No candidate","N/A",0,NA,"Democrat","male","Trump",TRUE,2018,"Republican"
"643","NJ",5,"John J. McCann Jr.","male",128255,0.424934481467615,"Democrat","male","Trump",TRUE,2018,"Republican"
"644","NJ",6,"Richard J. Pezzullo","male",80443,0.363674585772734,"Democrat","male","Clinton",FALSE,2018,"Republican"
"645","NJ",7,"Leonard Lance","male",150785,0.46719980665671,"Democrat","male","Clinton",FALSE,2018,"Republican"
"646","NJ",8,"John R. Muniz","male",28725,0.187188426574566,"Democrat","Unknown","Clinton",FALSE,2018,"Republican"
"647","NJ",9,"Eric P. Fisher","male",57854,0.288669567300016,"Democrat","male","Clinton",FALSE,2018,"Republican"
"648","NM",1,"Janice E Arnold-Jones","female",90507,0.363245599248682,"Democrat","female","Clinton",FALSE,2018,"Republican"
"649","NM",2,"Yvette Herrell","female",97767,0.490660256152889,"Democrat","female","Trump",TRUE,2018,"Republican"
"650","NM",3,"Jerald Steve McFall","male",76427,0.312083236352203,"Democrat","male","Clinton",FALSE,2018,"Republican"
"651","NV",1,"Joyce Bentley","female",46978,0.308657630370365,"Democrat","female","Clinton",FALSE,2018,"Republican"
"652","NV",2,"Mark E. Amodei","male",167435,0.582307668230523,"Republican","male","Trump",FALSE,2018,"Republican"
"653","NV",3,"Danny Tarkanian","male",122566,0.428300858237119,"Democrat","female","Trump",TRUE,2018,"Republican"
"654","NV",4,"Cresent Hardy","Unknown",102748,0.43747126045268,"Democrat","male","Clinton",FALSE,2018,"Republican"
"655","NY",1,"Lee M. Zeldin","male",121562,0.4501412685658,"Democrat","male","Trump",TRUE,2018,"Republican"
"656","NY",10,"Naomi Levin","female",33692,0.159709515638184,"Democrat","male","Clinton",FALSE,2018,"Republican"
"657","NY",11,"Dan Donovan","male",80440,0.418581174254448,"Democrat","male","Trump",TRUE,2018,"Republican"
"658","NY",12,"Eliot Rabin","male",30446,0.12087645954176,"Democrat","female","Clinton",FALSE,2018,"Republican"
"659","NY",13,"Jineea Butler","Unknown",9535,0.0500031465010908,"Democrat","male","Clinton",FALSE,2018,"Republican"
"660","NY",14,"Anthony Pappas","male",19202,0.135987649075097,"Democrat","female","Clinton",FALSE,2018,"Republican"
"661","NY",15,"Jason D. Gonzalez","male",4566,0.0351904802275127,"Democrat","male","Clinton",FALSE,2018,"Republican"
"662","NY",16,"No candidate","N/A",0,NA,"Democrat","male","Clinton",FALSE,2018,"Republican"
"663","NY",17,"No candidate","N/A",0,NA,"Democrat","female","Clinton",FALSE,2018,"Republican"
"664","NY",18,"James O'Donnell","male",96345,0.3827923238905,"Democrat","male","Trump",TRUE,2018,"Republican"
"665","NY",19,"John J. Faso","male",112304,0.38996340099866,"Democrat","male","Trump",TRUE,2018,"Republican"
"666","NY",2,"Peter T. King","male",112565,0.466654506108608,"Republican","male","Trump",FALSE,2018,"Republican"
"667","NY",20,"Joe Vitollo","male",89058,0.334786890915516,"Democrat","male","Clinton",FALSE,2018,"Republican"
"668","NY",21,"Elise M. Stefanik","female",116433,0.494897286912317,"Republican","female","Trump",FALSE,2018,"Republican"
"669","NY",22,"Claudia Tenney","female",110125,0.438374759167556,"Democrat","male","Trump",TRUE,2018,"Republican"
"670","NY",23,"Thomas W. Reed, II","male",114722,0.47726459600456,"Republican","male","Trump",FALSE,2018,"Republican"
"671","NY",24,"John M. Katko","male",113538,0.43588493417845,"Democrat","female","Clinton",FALSE,2018,"Republican"
"672","NY",25,"Jim Maxwell","male",91342,0.338153413297794,"Democrat","male","Clinton",FALSE,2018,"Republican"
"673","NY",26,"Renee M. Zeno","female",61488,0.266570711384141,"Democrat","male","Clinton",FALSE,2018,"Republican"
"674","NY",27,"Chris Collins","male",114506,0.401352961794602,"Democrat","male","Trump",TRUE,2018,"Republican"
"675","NY",3,"Dan P. DeBono","male",98716,0.369637013128038,"Democrat","male","Clinton",FALSE,2018,"Republican"
"676","NY",4,"Ameer N. Benno","male",90306,0.347055794255321,"Democrat","female","Clinton",FALSE,2018,"Republican"
"677","NY",5,"No candidate","N/A",0,NA,"Democrat","male","Clinton",FALSE,2018,"Republican"
"678","NY",6,"No candidate","N/A",0,NA,"Democrat","female","Clinton",FALSE,2018,"Republican"
"679","NY",7,"No candidate","N/A",0,NA,"Democrat","female","Clinton",FALSE,2018,"Republican"
"680","NY",8,"No candidate","N/A",0,NA,"Democrat","male","Clinton",FALSE,2018,"Republican"
"681","NY",9,"Lutchi Gayot","Unknown",18702,0.0919365066880343,"Democrat","female","Clinton",FALSE,2018,"Republican"
"682","OH",1,"Steve Chabot","male",154409,0.513206656673458,"Republican","male","Trump",FALSE,2018,"Republican"
"683","OH",10,"Mike Turner","male",157554,0.559245508046826,"Republican","male","Trump",FALSE,2018,"Republican"
"684","OH",11,"Beverly A. Goldstein","female",44486,0.177475464772999,"Democrat","female","Clinton",FALSE,2018,"Republican"
"685","OH",12,"Troy Balderson","male",175677,0.514206183575445,"Republican","male","Trump",FALSE,2018,"Republican"
"686","OH",13,"Chris DePizzo","male",98047,0.39005052313323,"Democrat","male","Clinton",FALSE,2018,"Republican"
"687","OH",14,"David P. Joyce","male",169809,0.552479518997391,"Republican","male","Trump",FALSE,2018,"Republican"
"688","OH",15,"Steve Stivers","male",170593,0.583337607670555,"Republican","male","Trump",FALSE,2018,"Republican"
"689","OH",16,"Anthony Gonzalez","male",170029,0.567311734676854,"Republican","male","Trump",FALSE,2018,"Republican"
"690","OH",2,"Brad Wenstrup","male",166714,0.575548658604369,"Republican","male","Trump",FALSE,2018,"Republican"
"691","OH",3,"Jim Burgess","male",65040,0.263664630265489,"Democrat","female","Clinton",FALSE,2018,"Republican"
"692","OH",4,"Jim Jordan","male",167993,0.652640780093627,"Republican","male","Trump",FALSE,2018,"Republican"
"693","OH",5,"Bob Latta","male",176569,0.622561412045117,"Republican","male","Trump",FALSE,2018,"Republican"
"694","OH",6,"Bill Johnson","male",172774,0.69250871778428,"Republican","male","Trump",FALSE,2018,"Republican"
"695","OH",7,"Bob Gibbs","male",153117,0.587436169927068,"Republican","male","Trump",FALSE,2018,"Republican"
"696","OH",8,"Warren Davidson","male",173852,0.665760359663466,"Republican","male","Trump",FALSE,2018,"Republican"
"697","OH",9,"Steven W. Kraus","male",74670,0.32194087187469,"Democrat","female","Clinton",FALSE,2018,"Republican"
"698","OK",1,"Kevin Hern","male",150129,0.592994458291036,"Republican","male","Trump",FALSE,2018,"Republican"
"699","OK",2,"Markwayne Mullin","Unknown",140451,0.650230090462125,"Republican","Unknown","Trump",FALSE,2018,"Republican"
"700","OK",3,"Frank D. Lucas","male",172913,0.73873923910025,"Republican","male","Trump",FALSE,2018,"Republican"
"701","OK",4,"Tom Cole","male",149227,0.630613003828633,"Republican","male","Trump",FALSE,2018,"Republican"
"702","OK",5,"Steve Russell","male",117811,0.493015567458989,"Democrat","female","Trump",TRUE,2018,"Republican"
"703","OR",1,"John Verbeek","male",116446,0.32056798504607,"Democrat","female","Clinton",FALSE,2018,"Republican"
"704","OR",2,"Greg Walden","male",207597,0.563037517391764,"Republican","male","Trump",FALSE,2018,"Republican"
"705","OR",3,"Tom Harrison","male",76187,0.198235352279055,"Democrat","male","Clinton",FALSE,2018,"Republican"
"706","OR",4,"Art Robinson","male",152414,0.40873387271952,"Democrat","male","Clinton",FALSE,2018,"Republican"
"707","OR",5,"Mark Callahan","male",149887,0.418130995985706,"Democrat","male","Clinton",FALSE,2018,"Republican"
"708","PA",1,"Brian K Fitzpatrick","male",169053,0.512595588814972,"Republican","male","Clinton",FALSE,2018,"Republican"
"709","PA",10,"Scott G Perry","male",149365,0.513223586328698,"Republican","male","Trump",FALSE,2018,"Republican"
"710","PA",11,"Lloyd K Smucker","male",163708,0.589760216727189,"Republican","male","Trump",FALSE,2018,"Republican"
"711","PA",12,"Thomas A Marino","male",161047,0.660375114814329,"Republican","male","Trump",FALSE,2018,"Republican"
"712","PA",13,"John Joyce","Unknown",178533,0.704922887399019,"Republican","Unknown","Clinton",FALSE,2018,"Republican"
"713","PA",14,"Guy L Reschenthaler","male",151386,0.579053462210781,"Republican","male","Clinton",FALSE,2018,"Republican"
"714","PA",15,"Glenn William  Thompson Jr.","male",165245,0.678423628331664,"Republican","male","Trump",FALSE,2018,"Republican"
"715","PA",16,"George J  Kelly Jr.","male",135348,0.515815789874846,"Republican","male","Trump",FALSE,2018,"Republican"
"716","PA",17,"Keith Rothfus","Unknown",142417,0.437426861069049,"Democrat","male","Trump",TRUE,2018,"Republican"
"717","PA",18,"No candidate","N/A",0,NA,"Democrat","male","Trump",TRUE,2018,"Republican"
"718","PA",2,"David Torres","Unknown",42382,0.209830578962482,"Democrat","male","Clinton",FALSE,2018,"Republican"
"719","PA",3,"Bryan E Leib","male",20387,0.0661922031708101,"Democrat","Unknown","Trump",TRUE,2018,"Republican"
"720","PA",4,"Daniel David","Unknown",121467,0.36477562456643,"Democrat","Unknown","Trump",TRUE,2018,"Republican"
"721","PA",5,"Pearl Kim","Unknown",106075,0.348113312811358,"Democrat","female","Trump",TRUE,2018,"Republican"
"722","PA",6,"Gregory Michael  Mccauley Sr.","male",124124,0.411240839153425,"Democrat","female","Clinton",FALSE,2018,"Republican"
"723","PA",7,"Martin W Nothstein","male",114437,0.434690288345026,"Democrat","female","Clinton",FALSE,2018,"Republican"
"724","PA",8,"John Robert Chrin","male",112563,0.453579458910568,"Democrat","male","Trump",TRUE,2018,"Republican"
"725","PA",9,"Daniel Meuser","Unknown",148723,0.597456282363906,"Republican","Unknown","Trump",FALSE,2018,"Republican"
"726","RI",1,"Patrick J. Donovan","male",57567,0.330687086045162,"Democrat","male","Clinton",FALSE,2018,"Republican"
"727","RI",2,"Salvatore G. Caiozzo","male",72271,0.362811688931058,"Democrat","male","Clinton",FALSE,2018,"Republican"
"728","SC",1,"Katie Arrington","female",141473,0.492194702765514,"Democrat","male","Trump",TRUE,2018,"Republican"
"729","SC",2,"Joe Wilson","male",144642,0.56250510424323,"Republican","male","Trump",FALSE,2018,"Republican"
"730","SC",3,"Jeff Duncan","male",153338,0.677874838641227,"Republican","male","Trump",FALSE,2018,"Republican"
"731","SC",4,"William Timmons","male",145321,0.59569993851199,"Republican","male","Trump",FALSE,2018,"Republican"
"732","SC",5,"Ralph W Norman","male",141757,0.570269411334023,"Republican","male","Trump",FALSE,2018,"Republican"
"733","SC",6,"Gerhard R Gressmann","male",58282,0.282328891214099,"Democrat","male","Clinton",FALSE,2018,"Republican"
"734","SC",7,"Tom Rice","male",142681,0.595611010461107,"Republican","male","Trump",FALSE,2018,"Republican"
"735","SD",0,"Dustin ""Dusty"" Johnson","male",202446,0.603467959972695,"Republican","male","Trump",FALSE,2018,"Republican"
"736","TN",1,"Phil Roe","male",172835,0.770614672599674,"Republican","male","Trump",FALSE,2018,"Republican"
"737","TN",2,"Tim Burchett","male",172856,0.659418465365042,"Republican","male","Trump",FALSE,2018,"Republican"
"738","TN",3,"Chuck Fleischmann","male",156512,0.636836001871707,"Republican","male","Trump",FALSE,2018,"Republican"
"739","TN",4,"Scott DesJarlais","male",147323,0.63378088285273,"Republican","male","Trump",FALSE,2018,"Republican"
"740","TN",5,"Jody M. Ball","female",84317,0.321516274671304,"Democrat","male","Clinton",FALSE,2018,"Republican"
"741","TN",6,"John Rose","male",172810,0.694741497145614,"Republican","male","Trump",FALSE,2018,"Republican"
"742","TN",7,"Mark E. Green","male",170071,0.668560129567897,"Republican","male","Trump",FALSE,2018,"Republican"
"743","TN",8,"David Kustoff","male",168030,0.676599085948982,"Republican","male","Trump",FALSE,2018,"Republican"
"744","TN",9,"Charlotte Bergmann","female",34901,0.192317441424761,"Democrat","male","Clinton",FALSE,2018,"Republican"
"745","TX",1,"Louie Gohmert","male",168165,0.722606565830182,"Republican","male","Trump",FALSE,2018,"Republican"
"746","TX",10,"Michael T. McCaul","male",157166,0.510565999733617,"Republican","male","Trump",FALSE,2018,"Republican"
"747","TX",11,"Mike Conaway","male",176603,0.801367656334372,"Republican","male","Trump",FALSE,2018,"Republican"
"748","TX",12,"Kay Granger","female",172557,0.642691933807837,"Republican","female","Trump",FALSE,2018,"Republican"
"749","TX",13,"Mac Thornberry","male",169027,0.815432858142171,"Republican","male","Trump",FALSE,2018,"Republican"
"750","TX",14,"Randy Weber","male",138942,0.592432460090053,"Republican","male","Trump",FALSE,2018,"Republican"
"751","TX",15,"Tim Westley","male",63862,0.387507433162219,"Democrat","male","Clinton",FALSE,2018,"Republican"
"752","TX",16,"Rick Seeberger","male",49127,0.270293913751554,"Democrat","female","Clinton",FALSE,2018,"Republican"
"753","TX",17,"Bill Flores","male",134841,0.568107991961273,"Republican","male","Trump",FALSE,2018,"Republican"
"754","TX",18,"Ava Reynero Pate","female",38368,0.208146171039212,"Democrat","female","Clinton",FALSE,2018,"Republican"
"755","TX",19,"Jodey Arrington","male",151946,0.752263781964007,"Republican","male","Trump",FALSE,2018,"Republican"
"756","TX",2,"Dan Crenshaw","male",139188,0.528444295954319,"Republican","male","Trump",FALSE,2018,"Republican"
"757","TX",20,"No candidate","N/A",0,NA,"Democrat","male","Clinton",FALSE,2018,"Republican"
"758","TX",21,"Chip Roy","male",177654,0.502391004957341,"Republican","male","Trump",FALSE,2018,"Republican"
"759","TX",22,"Pete Olson","male",152750,0.513609387871757,"Republican","male","Trump",FALSE,2018,"Republican"
"760","TX",23,"Will Hurd","male",103285,0.491671784032865,"Republican","male","Clinton",FALSE,2018,"Republican"
"761","TX",24,"Kenny E Marchant","male",133317,0.506104366444207,"Republican","male","Trump",FALSE,2018,"Republican"
"762","TX",25,"Roger Williams","male",163023,0.535286140671739,"Republican","male","Trump",FALSE,2018,"Republican"
"763","TX",26,"Michael C. Burgess","male",185551,0.593753699940801,"Republican","male","Trump",FALSE,2018,"Republican"
"764","TX",27,"Michael Cloud","male",125118,0.603207968334932,"Republican","male","Trump",FALSE,2018,"Republican"
"765","TX",28,"No candidate","N/A",0,NA,"Democrat","male","Clinton",FALSE,2018,"Republican"
"766","TX",29,"Phillip Aronoff","male",28098,0.239144126508588,"Democrat","female","Clinton",FALSE,2018,"Republican"
"767","TX",3,"Van Taylor","male",169520,0.542444905939311,"Republican","male","Trump",FALSE,2018,"Republican"
"768","TX",30,"No candidate","N/A",0,NA,"Democrat","male","Clinton",FALSE,2018,"Republican"
"769","TX",31,"John Carter","male",144680,0.505861744642614,"Republican","male","Trump",FALSE,2018,"Republican"
"770","TX",32,"Pete Sessions","male",126101,0.457517596691096,"Democrat","male","Clinton",FALSE,2018,"Republican"
"771","TX",33,"Willie Billups","male",26120,0.219083406025632,"Democrat","male","Clinton",FALSE,2018,"Republican"
"772","TX",34,"Rey Gonzalez","male",57243,0.400110436994995,"Democrat","male","Clinton",FALSE,2018,"Republican"
"773","TX",35,"David Smalling","male",50553,0.260492510318601,"Democrat","male","Clinton",FALSE,2018,"Republican"
"774","TX",36,"Brian Babin","male",161048,0.725585251130855,"Republican","male","Trump",FALSE,2018,"Republican"
"775","TX",4,"John Ratcliffe","male",188667,0.756954001083271,"Republican","male","Trump",FALSE,2018,"Republican"
"776","TX",5,"Lance Gooden","male",130617,0.623449335821715,"Republican","male","Trump",FALSE,2018,"Republican"
"777","TX",6,"Ron Wright","male",135961,0.531010537333719,"Republican","male","Trump",FALSE,2018,"Republican"
"778","TX",7,"John Culberson","male",115642,0.474718905094807,"Democrat","female","Clinton",FALSE,2018,"Republican"
"779","TX",8,"Kevin Brady","male",200619,0.734410806457517,"Republican","male","Trump",FALSE,2018,"Republican"
"780","TX",9,"No candidate","N/A",0,NA,"Democrat","male","Clinton",FALSE,2018,"Republican"
"781","UT",1,"Rob Bishop","male",156692,0.616089929344599,"Republican","male","Trump",FALSE,2018,"Republican"
"782","UT",2,"Chris Stewart","male",151489,0.560978951578261,"Republican","male","Trump",FALSE,2018,"Republican"
"783","UT",3,"John Curtis","male",174856,0.675490037008707,"Republican","male","Trump",FALSE,2018,"Republican"
"784","UT",4,"Mia B. Love","female",134270,0.498642631401079,"Democrat","male","Trump",TRUE,2018,"Republican"
"785","VA",1,"Robert J. ""Rob"" Wittman","male",183250,0.551789967509884,"Republican","male","Trump",FALSE,2018,"Republican"
"786","VA",10,"Barbara J. Comstock","female",160841,0.437311545833956,"Democrat","female","Clinton",FALSE,2018,"Republican"
"787","VA",11,"Jeff A. Dove Jr.","male",83023,0.269336577453366,"Democrat","male","Clinton",FALSE,2018,"Republican"
"788","VA",2,"Scott W. Taylor","male",133458,0.488141916605706,"Democrat","female","Trump",TRUE,2018,"Republican"
"789","VA",3,"No candidate","N/A",0,NA,"Democrat","male","Clinton",FALSE,2018,"Republican"
"790","VA",4,"Ryan A. McAdams","male",107706,0.359194808139961,"Democrat","Unknown","Clinton",FALSE,2018,"Republican"
"791","VA",5,"Denver L. Riggleman, III","male",165339,0.531763184809247,"Republican","male","Trump",FALSE,2018,"Republican"
"792","VA",6,"Ben L. Cline","male",167957,0.596910906008664,"Republican","male","Trump",FALSE,2018,"Republican"
"793","VA",7,"Dave A. Brat","male",169295,0.483972407326409,"Democrat","female","Trump",TRUE,2018,"Republican"
"794","VA",8,"Thomas S. Oh","male",76899,0.236795915602252,"Democrat","male","Clinton",FALSE,2018,"Republican"
"795","VA",9,"H. Morgan Griffith","Unknown",160933,0.651603368693821,"Republican","Unknown","Trump",FALSE,2018,"Republican"
"796","VT",0,"Anya Tynio","female",70705,0.259514554910791,"Democrat","male","Clinton",FALSE,2018,"Republican"
"797","WA",1,"Jeffrey Beeler","male",135534,0.407323369687717,"Democrat","female","Clinton",FALSE,2018,"Republican"
"798","WA",10,"Joseph Brumbles ","male",103860,0.384559844487642,"Democrat","male","Clinton",FALSE,2018,"Republican"
"799","WA",2,"No candidate","N/A",0,NA,"Democrat","male","Clinton",FALSE,2018,"Republican"
"800","WA",3,"Jaime Herrera Beutler","male",161819,0.526709978973134,"Republican","male","Trump",FALSE,2018,"Republican"
"801","WA",4,"Dan Newhouse","male",141551,0.628177477189619,"Republican","male","Trump",FALSE,2018,"Republican"
"802","WA",5,"Cathy McMorris Rodgers","female",175422,0.547599946308222,"Republican","female","Trump",FALSE,2018,"Republican"
"803","WA",6,"Douglas Dightman","male",116677,0.361132949121906,"Democrat","male","Clinton",FALSE,2018,"Republican"
"804","WA",7,"Craig Keller","male",64881,0.164388455486836,"Democrat","Unknown","Clinton",FALSE,2018,"Republican"
"805","WA",8,"Dino Rossi","male",148968,0.475849445947543,"Democrat","female","Clinton",FALSE,2018,"Republican"
"806","WA",9,"No candidate","N/A",0,NA,"Democrat","male","Clinton",FALSE,2018,"Republican"
"807","WA",9,"No candidate","N/A",0,NA,"Democrat","female","Clinton",FALSE,2018,"Republican"
"808","WI",1,"Bryan Steil","male",177492,0.545597063787014,"Republican","male","Trump",FALSE,2018,"Republican"
"809","WI",2,"No candidate","N/A",0,NA,"Democrat","male","Clinton",FALSE,2018,"Republican"
"810","WI",3,"Steve Toft","male",126980,0.403125188498646,"Democrat","male","Trump",TRUE,2018,"Republican"
"811","WI",4,"Tim Rogers","male",59091,0.216381592679256,"Democrat","female","Clinton",FALSE,2018,"Republican"
"812","WI",5,"F. James Sensenbrenner, Jr.","Unknown",225619,0.619342388439916,"Republican","Unknown","Trump",FALSE,2018,"Republican"
"813","WI",6,"Glenn Grothman","male",180311,0.554692138495378,"Republican","male","Trump",FALSE,2018,"Republican"
"814","WI",7,"Sean P. Duffy","male",194061,0.601105810928014,"Republican","male","Trump",FALSE,2018,"Republican"
"815","WV",1,"David B McKinley","male",127997,0.645751561443692,"Republican","male","Trump",FALSE,2018,"Republican"
"816","WV",2,"Alex X. Mooney","male",110504,0.539591390288683,"Republican","male","Trump",FALSE,2018,"Republican"
"817","WV",3,"Carol Miller","female",98645,0.563734034345801,"Republican","female","Trump",FALSE,2018,"Republican"
"818","WY",0,"Liz Cheney","female",127963,0.63585679147308,"Republican","female","Trump",FALSE,2018,"Republican"
